STM_O_D_ID,TYPE,PCD_TYPE,PCD_IN_DAT,PCD_MANUF,STATUS,MATERIAL,PURPOSE,USE,LOCATION,OWNER,QTR_PANEL,WIDTH,LENGTH,DEPTH,OUTLET_INV,SHAPE,REC_DRAW,OTH_PN_CRE,OTH_PN_MOD,CONST_DATE,ACCEP_DATE,AT_MOD_DAT,GE_MOD_DAT,MESSAGE
103,Swale,,,,EXISTING,EARTH,Permanent,OVERLAND RELEASE,RIGHT-OF-WAY,San Jose,115D,2,,,,V Channel,0,MGE,,,,20110916122547,20110930221325,
104,Swale,,,,EXISTING,EARTH,Permanent,OVERLAND RELEASE,EASEMENT,San Jose,115D,2,,,,V Channel,0,MGE,,,,20110916122547,20110930221326,
105,Swale,,,,EXISTING,EARTH,Permanent,STREET DRAIN,RIGHT-OF-WAY,San Jose,116A,,,,,V Channel,0,MGE,,,,20110916122547,20110930221326,
106,Swale,,,,EXISTING,EARTH,Permanent,STREET DRAIN,RIGHT-OF-WAY,San Jose,116A,,,,,V Channel,0,MGE,,,,20110916122547,20110930221326,
107,Swale,,,,EXISTING,EARTH,Permanent,STREET DRAIN,RIGHT-OF-WAY,San Jose,116C,,,,,V Channel,0,MGE,,,,20110916122547,20110930221327,
108,Swale,,,,EXISTING,EARTH,Permanent,STREET DRAIN,RIGHT-OF-WAY,San Jose,116C,,,,,V Channel,0,MGE,,,,20110916122547,20110930221327,
110,Swale,,,,EXISTING,EARTH,Permanent,OVERLAND RELEASE,EASEMENT,Private,116C,,125,,,,0,MGE,,,,20110916122547,20110930221328,
111,Swale,,,,EXISTING,EARTH,Permanent,OVERLAND RELEASE,EASEMENT,Private,116C,27,20,,,Half Round,0,MGE,,,,20110916122547,20110930221328,
112,Swale,,,,EXISTING,EARTH,Permanent,STREET DRAIN,EASEMENT,San Jose,116C,28,390,,,Half Round,0,MGE,,,,20110916122547,20110930221329,
113,Swale,,,,EXISTING,EARTH,Permanent,OVERLAND RELEASE,EASEMENT,Private,116C,20,20,,,V Channel,0,MGE,,,,20110916122547,20110930221330,
115,Swale,,,,EXISTING,EARTH,Permanent,OVERLAND RELEASE,EASEMENT,San Jose,101C,24,540,,,V Channel,0,MGE,,,,20110916122547,20110930221331,
116,Swale,,,,EXISTING,EARTH,Permanent,OVERLAND RELEASE,EASEMENT,San Jose,101D,24,,,,V Channel,0,MGE,,,,20110916122547,20110930221331,
117,Swale,,,,EXISTING,EARTH,Permanent,OVERLAND RELEASE,EASEMENT,San Jose,101D,24,1038,,,V Channel,0,MGE,,,,20110916122547,20110930221331,
122,Swale,,,,EXISTING,EARTH,Permanent,STREET DRAIN,RIGHT-OF-WAY,San Jose,129A,3,300,,,V Channel,0,MGE,,,,20110916122547,20110930221332,
508,French Drain,,,,EXISTING,DRN RCK PRF PIP,Interim,STREET DRAIN,PARK,San Jose,84B,,,,,,-1,1-16_LK_CUNNG_PK_DEST3635,,20071108000000,,20110916122547,20110930221358,
509,French Drain,,,,EXISTING,DRN RCK PRF PIP,Interim,STREET DRAIN,PARK,San Jose,84B,,,,,,-1,1-16_LK_CUNNG_PK_DEST3635,,20071108000000,,20110916122547,20110930221359,
510,French Drain,,,,EXISTING,DRN RCK PRF PIP,Interim,STREET DRAIN,PARK,San Jose,84B,,,,,,-1,1-16_LK_CUNNG_PK_DEST3635,,20071108000000,,20110916122547,20110930221359,
511,French Drain,,,,EXISTING,DRN RCK PRF PIP,Interim,STREET DRAIN,PARK,San Jose,84B,,,,,,-1,1-16_LK_CUNNG_PK_DEST3635,,20071108000000,,20110916122547,20110930221400,
512,French Drain,,,,EXISTING,DRN RCK PRF PIP,Interim,STREET DRAIN,PARK,San Jose,84B,,,,,,-1,1-16_LK_CUNNG_PK_DEST3635,,20071108000000,,20110916122547,20110930221400,
513,French Drain,,,,EXISTING,DRN RCK PRF PIP,Interim,STREET DRAIN,PARK,San Jose,84B,,,,,,-1,1-16_LK_CUNNG_PK_DEST3635,,20071108000000,,20110916122547,20110930221400,
514,French Drain,,,,EXISTING,DRN RCK PRF PIP,Interim,STREET DRAIN,PARK,San Jose,84B,,,,,,-1,1-16_LK_CUNNG_PK_DEST3635,,20071108000000,,20110916122547,20110930221401,
515,French Drain,,,,EXISTING,DRN RCK PRF PIP,Interim,STREET DRAIN,PARK,San Jose,85A,,,,,,-1,1-16_LK_CUNNG_PK_DEST3635,,20071108000000,,20110916122547,20110930221401,
518,French Drain,,,,EXISTING,DRN RCK PRF PIP,Interim,STREET DRAIN,PARK,San Jose,85A,,24,,,,-1,1-16_LK_CUNNG_PK_DEST3636,,20071108000000,,20110916122547,20110930221401,
519,French Drain,,,,EXISTING,DRN RCK PRF PIP,Interim,STREET DRAIN,PARK,San Jose,85A,,22,,,,-1,1-16_LK_CUNNG_PK_DEST3636,,20071108000000,,20110916122547,20110930221402,
520,French Drain,,,,EXISTING,DRN RCK PRF PIP,Interim,STREET DRAIN,PARK,San Jose,85A,,25,,,,-1,1-16_LK_CUNNG_PK_DEST3636,,20071108000000,,20110916122547,20110930221402,
521,French Drain,,,,EXISTING,DRN RCK PRF PIP,Interim,STREET DRAIN,PARK,San Jose,85A,,25,,,,-1,1-16_LK_CUNNG_PK_DEST3637,,20071108000000,,20110916122547,20110930221402,
522,French Drain,,,,EXISTING,DRN RCK PRF PIP,Interim,STREET DRAIN,PARK,San Jose,85A,,25,,,,-1,1-16_LK_CUNNG_PK_DEST3637,,20071108000000,,20110916122547,20110930221403,
523,French Drain,,,,EXISTING,DRN RCK PRF PIP,Interim,STREET DRAIN,PARK,San Jose,85A,,25,,,,-1,1-16_LK_CUNNG_PK_DEST3637,,20071108000000,,20110916122547,20110930221403,
524,French Drain,,,,EXISTING,DRN RCK PRF PIP,Interim,STREET DRAIN,PARK,San Jose,85A,,25,,,,-1,1-16_LK_CUNNG_PK_DEST3637,,20071108000000,,20110916122547,20110930221404,
525,French Drain,,,,EXISTING,DRN RCK PRF PIP,Interim,STREET DRAIN,PARK,San Jose,85A,,25,,,,-1,1-16_LK_CUNNG_PK_DEST3637,,20071108000000,,20110916122547,20110930221404,
526,French Drain,,,,EXISTING,DRN RCK PRF PIP,Interim,STREET DRAIN,PARK,San Jose,85A,,25,,,,-1,1-16_LK_CUNNG_PK_DEST3636,,20071108000000,,20110916122547,20110930221404,
456,Trench Drain,,,,EXISTING,DRN RCK PRF PIP,Interim,OVERLAND RELEASE,PARK,San Jose,83A,,20,,78.24,,-1,1-16_ARENA_GREEN_GDRV1594,,19940621000000,,20110916122547,20110930221405,
428,French Drain,,,,EXISTING,DRN RCK PRF PIP,Permanent,OVERLAND RELEASE,PARK,San Jose,83A,,16,,80.67,Rectangular,-1,1-16_ARENA_GREEN_GDRV1694,,19940621000000,,20110916122547,20110930221406,
457,Swale,,,,EXISTING,EARTH,Interim,,PARK,San Jose,67B,,,,,,0,1-16_WATSON_PARK_C-DR-1,,20090128000000,,20110916122547,20110930221407,
458,Swale,,,,EXISTING,EARTH,Interim,,PARK,San Jose,67B,,,,,,0,1-16_WATSON_PARK_C-DR-1,,20090128000000,,20110916122547,20110930221408,
459,Swale,,,,EXISTING,EARTH,Interim,,PARK,San Jose,67B,,,,,,0,1-16_WATSON_PARK_C-DR-1,,20090128000000,,20110916122547,20110930221409,
181,Swale,,,,EXISTING,EARTH,Permanent,STREET DRAIN,RIGHT-OF-WAY,San Jose,157A,,,,,V Channel,0,MGE,,,,20111008104039,20111008160636,
182,Swale,,,,EXISTING,EARTH,Permanent,STREET DRAIN,RIGHT-OF-WAY,San Jose,157A,,,,,V Channel,0,MGE,,,,20111008104149,20111008160636,
184,Swale,,,,EXISTING,EARTH,Permanent,OVERLAND RELEASE,RIGHT-OF-WAY,San Jose,144C,,,,,Rectangular,0,MGE,,,,20111008104420,20111008160636,
188,Valley Gutter,,,,EXISTING,Concrete,Permanent,STREET DRAIN,RIGHT-OF-WAY,San Jose,35D,,,,,,0,MGE,,,,20111008104629,20111008160637,
203,Valley Gutter,,,,EXISTING,Concrete,Permanent,OVERLAND RELEASE,EASEMENT,San Jose,51D,12,,,,,0,MGE,,,,20111008104916,20111008160637,
205,Swale,,,,EXISTING,EARTH,Permanent,OVERLAND RELEASE,EASEMENT,San Jose,53A,,,,,Half Round,0,MGE,,,,20111008142227,20111008160637,
206,Swale,,,,EXISTING,EARTH,Permanent,OVERLAND RELEASE,EASEMENT,San Jose,53A,,,,,Half Round,0,MGE,,,,20111008143431,20111008160638,
208,Swale,,,,EXISTING,EARTH,Permanent,OVERLAND RELEASE,EASEMENT,San Jose,53A,,,,,Half Round,0,MGE,,,,20111008105658,20111008160639,
224,Swale,,,,EXISTING,Concrete,Permanent,STREET DRAIN,RIGHT-OF-WAY,San Jose,67B,,,,,,0,MGE,,,,20111008105818,20111008160639,
248,Swale,,,,EXISTING,EARTH,Permanent,STREET DRAIN,RIGHT-OF-WAY,San Jose,37D,,,,,V Channel,0,MGE,,,,20111008110027,20111008160639,MRF:Waterflow can not confirm
311,Swale,,,,EXISTING,EARTH,Permanent,OVERLAND RELEASE,EASEMENT,San Jose,141D,48,,,,Trapezoidal,0,DD-0066,,20010622000000,,20111008101803,20111008160640,
312,Swale,,,,EXISTING,EARTH,Permanent,OVERLAND RELEASE,EASEMENT,San Jose,141D,,,,,V Channel,0,DD-0067,,20010629000000,,20111008101143,20111008160641,
321,Swale,,,,EXISTING,EARTH,Permanent,OVERLAND RELEASE,EASEMENT,San Jose,53A,,,,,Half Round,0,MGE,,20030312000000,,20111008100844,20111008160641,
342,Swale,,,,EXISTING,EARTH,Permanent,STREET DRAIN,EASEMENT,San Jose,101C,5,150,,,Rectangular,-1,1-9168,,20050502000000,,20110916122547,20110930221625,
553,Swale,,,,EXISTING,Concrete,Interim,OVERLAND RELEASE,RIGHT-OF-WAY,Private,116B,,72,,,,-1,1-8841,,19970918000000,,20110916122547,20110930221626,
720,Swale,,,,EXISTING,EARTH,Interim,OVERLAND RELEASE,SCHOOL,San Jose,115B,,,,,,0,MGE,,,,20110916122547,20110930221626,
721,Swale,,,,EXISTING,EARTH,Interim,STREET DRAIN,RIGHT-OF-WAY,San Jose,117A,,,,,,0,MGE,,,,20110916122547,20110930221627,
722,Swale,,,,EXISTING,EARTH,Interim,STREET DRAIN,RIGHT-OF-WAY,San Jose,117A,,,,,,0,MGE,,,,20110916122547,20110930221627,
723,Swale,,,,EXISTING,EARTH,Interim,STREET DRAIN,RIGHT-OF-WAY,San Jose,117A,,,,,,0,MGE,,,,20110916122547,20110930221628,
725,Swale,,,,EXISTING,EARTH,Interim,STREET DRAIN,RIGHT-OF-WAY,San Jose,157A,,,,,,0,MGE,,,,20110916122547,20110930221630,
726,Swale,,,,EXISTING,EARTH,Interim,STREET DRAIN,RIGHT-OF-WAY,San Jose,157A,,,,,,0,MGE,,,,20110916122547,20110930221630,
727,Swale,,,,EXISTING,EARTH,Interim,OVERLAND RELEASE,PARK,San Jose,116C,,,,,,0,MGE,,,,20110916122547,20110930221631,
596,Swale,,,,EXISTING,EARTH,Interim,OVERLAND RELEASE,EASEMENT,San Jose,155A,,,,,,0,MGE,,,,20110916122547,20110930221632,"MRF:Geometry Collection,from overland_drain ID=168.Delete?"
471,Swale,,,,EXISTING,EARTH,Interim,,PARK,San Jose,51B,,106,,,,-1,1-16_FLCKNGER_PK_FLCK0584,,19850831000000,,20110916122547,20110930221418,
472,Swale,,,,EXISTING,EARTH,Interim,,PARK,San Jose,51B,,127,,,,-1,1-16_FLCKNGER_PK_FLCK0584,,19850831000000,,20110916122547,20110930221419,
286,Valley Gutter,,,,EXISTING,Concrete,Permanent,OVERLAND RELEASE,EASEMENT,San Jose,50D,4,200,,,,0,MGE,,,,20110916122547,20110930221420,
287,Valley Gutter,,,,EXISTING,Concrete,Permanent,OVERLAND RELEASE,EASEMENT,San Jose,50D,4,150,,,,0,MGE,,,,20110916122547,20110930221421,
299,Valley Gutter,,,,EXISTING,Concrete,Permanent,OVERLAND RELEASE,EASEMENT,San Jose,66B,4,1935,,,,0,MGE,,,,20110916122547,20110930221422,
303,Swale,,,,EXISTING,Concrete,Interim,,,San Jose,19D,,,,,,0,D-0050,,20010601000000,,20110916122547,20110930221423,
304,Swale,,,,EXISTING,Concrete,Interim,,,San Jose,19D,,,,,,0,D-0050,,20010601000000,,20110916122547,20110930221424,
306,Swale,,,,EXISTING,Concrete,Interim,,,San Jose,19D,,,,,,0,D-0050,,20010601000000,,20110916122547,20110930221424,
307,Swale,,,,EXISTING,Concrete,Interim,,,San Jose,19D,,,,,,0,D-0050,,20010601000000,,20110916122547,20110930221425,
340,Valley Gutter,,,,EXISTING,Concrete,Interim,OVERLAND RELEASE,,San Jose,19D,8,150,,,,0,MGE,,,,20110916122547,20110930221425,
341,Valley Gutter,,,,EXISTING,Concrete,Interim,OVERLAND RELEASE,,San Jose,19D,4,372,,,,0,MGE,,20070310000000,,20110916122547,20110930221426,
516,French Drain,,,,EXISTING,DRN RCK PRF PIP,Interim,STREET DRAIN,PARK,San Jose,84B,,,,,,-1,1-16_LK_CUNNG_PK_DEST3635,,20071108000000,,20110916122547,20110930221427,
433,French Drain,,,,EXISTING,DRN RCK PRF PIP,Permanent,OVERLAND RELEASE,PARK,San Jose,83A,4,25,,79.01,Rectangular,-1,1-16_ARENA_GREEN_TIAG0498,,19980720000000,19990719000000,20110916122547,20110930221428,
434,French Drain,,,,EXISTING,DRN RCK PRF PIP,Permanent,OVERLAND RELEASE,PARK,San Jose,83A,4,25,,78.01,Rectangular,-1,1-16_ARENA_GREEN_TIAG0498,,19980720000000,19990719000000,20110916122547,20110930221429,
435,French Drain,,,,EXISTING,DRN RCK PRF PIP,Permanent,OVERLAND RELEASE,PARK,San Jose,83A,4,10,,77.69,Rectangular,-1,1-16_ARENA_GREEN_TIAG0498,,19980720000000,19990719000000,20110916122547,20110930221430,
436,French Drain,,,,EXISTING,DRN RCK PRF PIP,Permanent,OVERLAND RELEASE,PARK,San Jose,83A,4,11,,77.69,Rectangular,-1,1-16_ARENA_GREEN_TIAG0498,,19980720000000,19990719000000,20110916122547,20110930221430,
437,French Drain,,,,EXISTING,DRN RCK PRF PIP,Permanent,OVERLAND RELEASE,PARK,San Jose,83A,4,20,,77.69,Rectangular,-1,1-16_ARENA_GREEN_TIAG0498,,19980720000000,19990719000000,20110916122547,20110930221431,
438,French Drain,,,,EXISTING,DRN RCK PRF PIP,Permanent,OVERLAND RELEASE,PARK,San Jose,83A,4,12,,77.98,Rectangular,-1,1-16_ARENA_GREEN_TIAG0498,,19980720000000,19990719000000,20110916122547,20110930221432,
362,Swale,,,,EXISTING,EARTH,Permanent,OVERLAND RELEASE,RIGHT-OF-WAY,San Jose,99D,,,,,,0,MGE,,20100514000000,,20110916122547,20110930221440,
400,French Drain,,,,EXISTING,DRN RCK PRF PIP,Permanent,OVERLAND RELEASE,PARK,San Jose,83A,6,44,,81.29,,-1,1-16_ARENA_GREEN_CPAG0300,,20000602000000,20010601000000,20101221121008,20110930221440,
401,French Drain,,,,EXISTING,DRN RCK PRF PIP,Permanent,OVERLAND RELEASE,PARK,San Jose,83A,6,43,,81.09,,-1,1-16_ARENA_GREEN_CPAG0300,,20000602000000,20010601000000,20110916122547,20110930221441,
402,French Drain,,,,EXISTING,DRN RCK PRF PIP,Permanent,OVERLAND RELEASE,PARK,San Jose,83A,6,44,,79.73,,-1,1-16_ARENA_GREEN_CPAG0300,,20000602000000,20010601000000,20110916122547,20110930221441,
425,French Drain,,,,EXISTING,DRN RCK PRF PIP,Permanent,OVERLAND RELEASE,PARK,San Jose,83A,6,22,,80.45,Rectangular,-1,1-16_ARENA_GREEN_GDRV1694,,19940621000000,,20110916122547,20110930221442,
426,French Drain,,,,EXISTING,DRN RCK PRF PIP,Permanent,OVERLAND RELEASE,PARK,San Jose,83A,6,22,,,Rectangular,-1,1-16_ARENA_GREEN_GDRV1694,,19940621000000,,20110916122547,20110930221443,
427,French Drain,,,,EXISTING,DRN RCK PRF PIP,Permanent,OVERLAND RELEASE,PARK,San Jose,83A,,6,,79.56,Rectangular,-1,1-16_ARENA_GREEN_GDRV1694,,19940621000000,,20110916122547,20110930221444,
559,French Drain,,,,EXISTING,DRN RCK PRF PIP,Interim,OVERLAND RELEASE,PARK,San Jose,116C,,130,,,,-1,1-16_GRT_OAKS_PK_GRTO0901,,20020821000000,,20110916122547,20110930221223,
496,Swale,,,,EXISTING,Concrete,Interim,,,Private,67A,,103,,,,-1,3-01855,,20070223000000,,20110916122547,20110930221223,
502,Swale,,,,EXISTING,Concrete,Interim,,,Private,67B,,98,,,,-1,3-01855,,20070223000000,,20110916122547,20110930221223,
220,Swale,,,,EXISTING,Concrete,Permanent,,EASEMENT,Private,67B,,,,,,0,MGE,,,,20110916122547,20110930221224,
221,Swale,,,,EXISTING,Concrete,Permanent,,EASEMENT,Private,67B,,,,,,0,MGE,,,,20110916122547,20110930221224,
222,Swale,,,,EXISTING,Concrete,Permanent,,EASEMENT,Private,67B,,,,,,0,MGE,,,,20110916122547,20110930221225,
366,Valley Gutter,,,,EXISTING,Concrete,Permanent,OVERLAND RELEASE,RIGHT-OF-WAY,San Jose,67A,,,,,,0,DD-2754,,20100602000000,,20110916122547,20110930221225,
367,Valley Gutter,,,,EXISTING,Concrete,Interim,STREET DRAIN,RIGHT-OF-WAY,San Jose,36C,,,,,,0,DD-2037,,20100603000000,,20110916122547,20110930221225,
368,Swale,,,,EXISTING,Concrete,Interim,OVERLAND RELEASE,EASEMENT,San Jose,51C,,,,,,0,DD-2755,,20100603000000,,20110916122547,20110930221225,
369,Swale,,,,EXISTING,Concrete,Interim,OVERLAND RELEASE,EASEMENT,San Jose,51C,,,,,,0,DD-2755,,20100603000000,,20110916122547,20110930221225,
700,Swale,,,,EXISTING,Concrete,Interim,,,San Jose,50D,,,,,,0,MGE,,,,20110916122547,20110930221226,MRF:MGE feature without any attribute
343,Valley Gutter,,,,EXISTING,Concrete,Permanent,OVERLAND RELEASE,RIGHT-OF-WAY,San Jose,50D,,,,,,0,CAL101,DD-2356,20080409000000,,20110916122547,20110930221226,
344,Valley Gutter,,,,EXISTING,Concrete,Permanent,OVERLAND RELEASE,RIGHT-OF-WAY,San Jose,50D,,,,,,0,DD-2356,CAL101,20080409000000,,20110916122547,20110930221226,
250,Swale,,,,EXISTING,EARTH,Permanent,STREET DRAIN,RIGHT-OF-WAY,San Jose,37D,,,,,V Channel,0,MGE,,,,20110916122547,20110930221226,MRF:Waterflow can not confirm
555,Swale,,,,EXISTING,Concrete,Interim,OVERLAND RELEASE,RIGHT-OF-WAY,Private,116B,,,,,,-1,1-8371,,19920314000000,,20110916122547,20110930221222,
748,Swale,,,,EXISTING,EARTH,Permanent,OVERLAND RELEASE,,Private,,60,23,4,105.5,Trapezoidal,-1,3-00173M,,,20100505000000,,20121025102620,
749,Swale,,,,EXISTING,EARTH,Permanent,OVERLAND RELEASE,,Private,,60,25,4,105.5,Trapezoidal,-1,3-00173M,,,20100505000000,,20121025102821,
803,Trench Drain,,,,EXISTING,,,,,Private,100C,1,78,,,,-1,3-06380,,20111013000000,,20130108101843,20130108100755,
801,Trench Drain,,,,EXISTING,,,,,Private,100C,1,98,,,,-1,3-06380,,20111013000000,,20130108101843,20130108103512,
802,Trench Drain,,,,EXISTING,,,,,Private,100C,1,94,,,,-1,3-06380,,20111013000000,,20130108101843,20130108103442,
804,Trench Drain,,,,EXISTING,,,,,Private,100C,1,75,,,,-1,3-06380,,20111013000000,,20130108101844,20130108103713,
805,Trench Drain,,,,EXISTING,,,,,Private,100C,1,95,,,,-1,3-06380,,20111013000000,,20130108103915,20130108103936,
884,Swale,,,,EXISTING,,,,,Private,35C,,,,,,0,3-07781,,20120720000000,,20130227115533,20130227115029,
858,Trench Drain,,,,EXISTING,,,,,Private,66D,,,,,,-1,3-04527E,,20111101000000,,20130130111305,20130125114641,
859,Trench Drain,,,,EXISTING,,,,,Private,66D,,,,,,-1,3-04527E,,20111101000000,,20130130113216,20130125114743,
885,Swale,,,,EXISTING,,,,,Private,35C,,,,,,0,3-07781,,20120720000000,,20130227154108,20130227115243,
830,Trench Drain,,,,EXISTING,,,,,Private,66D,,,,99,,-1,3-04527E,,20111101000000,,20130130112715,20130125102231,
831,Trench Drain,,,,EXISTING,,,,,Private,66D,,,,,,-1,3-04527E,,20111101000000,,20130130112405,20130125103117,
857,Trench Drain,,,,EXISTING,,,,,Private,66D,,,,99,,-1,3-04527E,,20060114000000,,20130129134017,20130125113530,
835,Trench Drain,,,,EXISTING,,,,,Private,66D,,,,99,,-1,3-04527E,,20111101000000,,20130130112854,20130125104139,
887,French Drain,,,,EXISTING,DRN RCK PRF PIP,Interim,,SCHOOL,Private,51C,,14,24,56.28,,-1,3-10059,,20120310000000,,,20130927092344,
837,Trench Drain,,,,EXISTING,,,,,Private,66D,,,,99,,-1,3-04527E,,20111101000000,,20130130113053,20130125104225,
845,Trench Drain,,,,EXISTING,,,,,Private,66D,,,,99,,-1,3-04527E,,20060114000000,,20130129132058,20130125110242,
888,French Drain,,,,EXISTING,DRN RCK PRF PIP,Permanent,,SCHOOL,Private,51C,,28,24,56.28,,-1,3-10059,,20120310000000,,,20130927110515,
893,Valley Gutter,,,,EXISTING,Concrete,Permanent,OVERLAND RELEASE,EASEMENT,Private,117C,,,,635,Trapezoidal,-1,1-8472,,19940502000000,,,20131031144739,
730,Valley Gutter,,,,EXISTING,EARTH,Permanent,,,San Jose,130A,4,,,,,,DD-3049,,,,,20120411134055,
731,Trench Drain,,,,EXISTING,EARTH,Permanent,,,San Jose,130A,4,,,,,,DD-3049,,,,,20120411151243,
735,Valley Gutter,,,,EXISTING,Concrete,Interim,,EASEMENT,Private,67A,,18,,61.51,,-1,3-18232A,,,,,20120525112643,
737,Valley Gutter,,,,EXISTING,Concrete,Interim,,EASEMENT,Private,67A,,53,,61.73,,-1,3-18232A,,,,,20120525112753,
738,Valley Gutter,,,,EXISTING,Concrete,Interim,,EASEMENT,Private,67A,,61,,61.48,,-1,3-18232A,,,,,20120525113045,
739,Valley Gutter,,,,EXISTING,Concrete,Interim,,EASEMENT,Private,67A,,35,,,,-1,3-18232A,,,,,20120525113154,
741,Valley Gutter,,,,EXISTING,Concrete,Interim,,EASEMENT,Private,67A,,98,,,,-1,3-18232A,,,,,20120525125056,
743,Valley Gutter,,,,EXISTING,Concrete,Interim,,EASEMENT,Private,67A,,84,,,,-1,3-18232A,,,,,20120525130253,
744,Valley Gutter,,,,EXISTING,Concrete,Interim,,EASEMENT,Private,67A,,40,,,,-1,3-18232A,,,,,20120525130218,
745,Valley Gutter,,,,EXISTING,Concrete,Interim,,EASEMENT,Private,67A,,10,,,,-1,3-18232A,,,,,20120525130218,
875,French Drain,,,,EXISTING,,,,,Private,67C,6,,,,,,3-04527E,,20111101000000,,20130130113801,20130130091359,
876,,,,,EXISTING,,,,,Private,66D,4,,,,,-1,3-04527E,,20111101000000,,20130130115048,20130130114212,Subdrain
840,Trench Drain,,,,EXISTING,,,,,Private,66D,,,,,,-1,3-04527E,,20111101000000,,20130130112121,20130125104721,
877,,,,,EXISTING,,,,,Private,66D,4,,,,,-1,3-04527E,,20111101000000,,20130130114955,20130130114411,Subdrain
848,Trench Drain,,,,EXISTING,,,,,Private,66D,,,,99,,-1,3-04527E,,20111101000000,,20130130111249,20130125112523,
849,Trench Drain,,,,EXISTING,,,,,Private,66D,,,,99,,-1,3-04527E,,20111101000000,,20130130113444,20130125112524,
878,French Drain,,,,EXISTING,,,,,Private,66D,4,,,,,-1,3-04527E,,20111101000000,,20130130114933,20130130114500,
879,,,,,EXISTING,,,,,Private,66D,4,,,,,-1,3-04527E,,20111101000000,,20130130115014,20130130114621,Subdrain
880,French Drain,,,,EXISTING,,,,,Private,67C,4,,,,,-1,3-04527E,,20111101000000,,20130130114915,20130130114730,
881,,,,,EXISTING,,,,,Private,99D,,,,,,-1,3-02737A,,20111009000000,,20130205150037,20130205110405,curb drain
886,Valley Gutter,,,,EXISTING,Concrete,Interim,,,Private,99D,,,,,V Channel,,3-02737A,,20111009000000,,20130910103957,20130910103757,
895,Valley Gutter,,,,EXISTING,Concrete,Permanent,OVERLAND RELEASE,EASEMENT,Private,117C,,,,638.5,Rectangular,-1,1-8472,,19940502000000,,,20131031152934,
896,Swale,,,,EXISTING,Concrete,Permanent,OVERLAND RELEASE,,San Jose,102A,,,,,,0,3-14765,DD-3232,20020612000000,,20140207085947,20131126144153,
728,Swale,,,,EXISTING,EARTH,Permanent,OVERLAND RELEASE,EASEMENT,Private,101B,5,100,8,285.6,Trapezoidal,0,3-16229,,20110810000000,,20120301155705,20120217135536,"with 6"" Perforated Pipe"
729,Swale,,,,EXISTING,EARTH,Permanent,OVERLAND RELEASE,EASEMENT,Private,101B,5,100,8,286.8,Trapezoidal,0,3-16229,,20110810000000,,20120301155711,20120217135721,"with 6"" Perforated pipe"
751,Swale,,,,EXISTING,EARTH,Permanent,OVERLAND RELEASE,,Private,68D,60,33,4,104.5,Trapezoidal,-1,3-00173M,,,20100505000000,20121025155729,20121025155736,
752,Swale,,,,EXISTING,EARTH,Permanent,OVERLAND RELEASE,,Private,68D,60,37,4,104.5,Trapezoidal,-1,3-00173M,,,20100505000000,20121025154409,20121025155623,
753,Swale,,,,EXISTING,EARTH,Permanent,OVERLAND RELEASE,,Private,68D,60,43,4,104.5,Trapezoidal,-1,3-00173M,,,20100505000000,20121025154409,20121025155806,
755,Trench Drain,,,,EXISTING,EARTH,Interim,,,San Jose,67A,,63,,,,-1,3-18470A,,20100509000000,,20121127091811,20121127091637,
796,Swale,,,,EXISTING,,,,,Private,100C,6,27,,,,-1,3-06380,,20111013000000,,20130108101843,20130108100755,
799,Swale,,,,EXISTING,,,,,Private,100C,6,27,,,,-1,3-06380,,20111013000000,,20130108101843,20130108100755,
797,Swale,,,,EXISTING,,,,,Private,100C,6,27,,,,-1,3-06380,,20111013000000,,20130108101843,20130108100755,
800,Swale,,,,EXISTING,,,,,Private,100C,6,27,,,,-1,3-06380,,20111013000000,,20130108101844,20130108100755,
866,French Drain,,,,EXISTING,,,,,Private,66D,6,,,,,-1,3-04527E,,20111101000000,,20130130113709,20130130091251,
868,Trench Drain,,,,EXISTING,,,,,Private,66D,,,,,,-1,3-04527E,,20060114000000,,20130129134321,20130129134142,
891,Trench Drain,,,,EXISTING,Concrete,Permanent,OVERLAND RELEASE,,Private,117A,,,,595.85,Rectangular,0,3-09967,,20120727000000,,20131021144946,20131021110102,
870,,,,,EXISTING,,,,,Private,66D,,,,,,-1,3-04527E,,20111101000000,,20130130105632,20130129152547,Subdrain
889,Trench Drain,,,,EXISTING,Concrete,Permanent,OVERLAND RELEASE,,Private,117C,,,,600.7,Rectangular,0,3-09967,,20120727000000,,20131021110132,20131021105848,
874,,,,,EXISTING,,,,,Private,66D,,,,,,-1,3-04527E,,20111101000000,,20130130105721,20140519090843,Subdrain
890,Trench Drain,,,,EXISTING,Concrete,Permanent,OVERLAND RELEASE,,Private,117C,,,,599.29,Rectangular,0,3-09967,,20120727000000,,,20131021110025,
892,Trench Drain,,,,EXISTING,Concrete,Permanent,OVERLAND RELEASE,,Private,117C,,,,603.1,Rectangular,0,3-09967,,20120727000000,,20131021144251,20131021113911,
897,Swale,,,,EXISTING,Concrete,Permanent,OVERLAND RELEASE,,San Jose,102A,,,,,,0,3-14765,DD-3232,20020612000000,,20140207085952,20131126144315,
814,French Drain,,,,EXISTING,,,,,Private,66D,6,,,99,,-1,3-04527E,,20060114000000,,20130129092311,20130123112300,
901,Valley Gutter,,,,EXISTING,Concrete,Permanent,OVERLAND RELEASE,EASEMENT,Private,86C,,,6,518.6,Rectangular,-1,1-9481,,20061107000000,,20140103133358,20140103132103,
902,Valley Gutter,,,,EXISTING,Concrete,Permanent,OVERLAND RELEASE,EASEMENT,Private,86C,,,6,518.6,Rectangular,-1,1-9481,,20061107000000,,20140103133358,20140103132212,
903,Valley Gutter,,,,EXISTING,Concrete,Permanent,OVERLAND RELEASE,EASEMENT,Private,86C,,,6,493.7,Rectangular,-1,1-9481,,20061107000000,,20140103133356,20140103132311,
904,Valley Gutter,,,,EXISTING,Concrete,Permanent,OVERLAND RELEASE,EASEMENT,Private,86C,,,6,493.7,Rectangular,-1,1-9481,,20061107000000,,20140103133356,20140103132339,
905,Valley Gutter,,,,EXISTING,Concrete,Permanent,OVERLAND RELEASE,EASEMENT,Private,86C,,,6,484.6,Rectangular,-1,1-9481,,20061107000000,,20140103133400,20140103132716,
909,Swale,,,,EXISTING,EARTH,Permanent,OVERLAND RELEASE,,Private,100D,9,100.8,0.15,,Trapezoidal,-1,3-00825,,20120317000000,,20140417145311,20140417145317,
917,Swale,,,,EXISTING,EARTH,Permanent,OVERLAND RELEASE,,Private,115B,24,,,167.58,Trapezoidal,0,3-06528,,20110624000000,,,20140219123501,
449,French Drain,,,,EXISTING,DRN RCK PRF PIP,Interim,OVERLAND RELEASE,PARK,San Jose,83A,,45,,,Rectangular,-1,1-16_ARENA_GREEN_GDRV1594,,19940621000000,,20110916122547,20110930221444,
450,French Drain,,,,EXISTING,DRN RCK PRF PIP,Interim,OVERLAND RELEASE,PARK,San Jose,83A,,46,,,Rectangular,-1,1-16_ARENA_GREEN_GDRV1594,,19940621000000,,20110916122547,20110930221445,
451,French Drain,,,,EXISTING,DRN RCK PRF PIP,Interim,OVERLAND RELEASE,PARK,San Jose,83A,,45,,80.17,Rectangular,-1,1-16_ARENA_GREEN_GDRV1594,,19940621000000,,20110916122547,20110930221446,
452,French Drain,,,,EXISTING,DRN RCK PRF PIP,Interim,OVERLAND RELEASE,SCHOOL,Private,99C,,10,,,,-1,3-07253M,,20050605000000,,20110916122547,20110930221447,
439,French Drain,,,,EXISTING,DRN RCK PRF PIP,Permanent,OVERLAND RELEASE,PARK,San Jose,83A,4,11,,,Rectangular,-1,1-16_ARENA_GREEN_TIAG0498,,19980720000000,19990719000000,20110916122547,20110930221432,
440,French Drain,,,,EXISTING,DRN RCK PRF PIP,Permanent,OVERLAND RELEASE,PARK,San Jose,83A,4,11,,,Rectangular,-1,1-16_ARENA_GREEN_TIAG0498,,19980720000000,19990719000000,20110916122547,20110930221433,
445,Trench Drain,,,,EXISTING,Drain Rock,Permanent,OVERLAND RELEASE,SCHOOL,Private,99C,8,96,,,,-1,3-07253M,,20050605000000,,20110916122547,20110930221436,MRF:Shape not sure
446,Trench Drain,,,,EXISTING,Drain Rock,Permanent,OVERLAND RELEASE,SCHOOL,Private,99C,8,95,,,,-1,3-07253M,,20050605000000,,20110916122547,20110930221436,MRF:Shape not sure
448,Trench Drain,,,,EXISTING,Drain Rock,Permanent,OVERLAND RELEASE,SCHOOL,Private,99C,8,90,,,,-1,3-07253M,,20050605000000,,20110916122547,20110930221438,MRF:Shape not sure
352,Swale,,,,EXISTING,EARTH,Permanent,OVERLAND RELEASE,RIGHT-OF-WAY,San Jose,83C,,,,,,0,DD-2597,,20080701000000,,20110916122547,20110930221439,
453,French Drain,,,,EXISTING,DRN RCK PRF PIP,Interim,OVERLAND RELEASE,SCHOOL,Private,99C,,10,,,,-1,3-07253M,,20050605000000,,20110916122547,20110930221448,
454,French Drain,,,,EXISTING,DRN RCK PRF PIP,Interim,OVERLAND RELEASE,SCHOOL,Private,99C,,10,,,,-1,3-07253M,,20050605000000,,20110916122547,20110930221449,
455,French Drain,,,,EXISTING,DRN RCK PRF PIP,Interim,OVERLAND RELEASE,SCHOOL,Private,99C,,10,,,,-1,3-07253M,,20050605000000,,20110916122547,20110930221450,
442,Trench Drain,,,,EXISTING,DRN RCK PRF PIP,Permanent,OVERLAND RELEASE,SCHOOL,Private,99C,8,96,,,,-1,3-07253M,,20050605000000,,20110916122547,20110930221450,MRF:Shape not sure
136,Swale,,,,EXISTING,EARTH,Permanent,STREET DRAIN,EASEMENT,San Jose,141A,4,,,,V Channel,0,MGE,,,,20110916122547,20110930221451,
137,Swale,,,,EXISTING,EARTH,Permanent,STREET DRAIN,EASEMENT,San Jose,141A,4,,,,V Channel,0,MGE,,,,20110916122547,20110930221452,
138,Swale,,,,EXISTING,EARTH,Permanent,OVERLAND RELEASE,EASEMENT,San Jose,141D,17,,,,Trapezoidal,0,MGE,,,,20110916122547,20110930221453,MRF:Waterflow can not confirm
139,Swale,,,,EXISTING,EARTH,Permanent,OVERLAND RELEASE,EASEMENT,San Jose,128B,4,300,,,V Channel,0,MGE,,,,20110916122547,20110930221453,MRF:Waterflow can not confirm
144,Swale,,,,EXISTING,EARTH,Permanent,STREET DRAIN,RIGHT-OF-WAY,San Jose,128B,,,,,,0,MGE,,,,20110916122547,20110930221454,MRF:Waterflow can not confirm
701,Swale,,,,EXISTING,EARTH,Interim,OVERLAND RELEASE,EASEMENT,San Jose,128A,,,,,,0,MGE,,,,20110916122547,20110930221454,MRF:Waterflow can not confirm
702,Swale,,,,EXISTING,EARTH,Interim,STREET DRAIN,,San Jose,128B,,,,,,0,MGE,,,,20110916122547,20110930221455,MRF:Waterflow can not confirm
703,Swale,,,,EXISTING,EARTH,Interim,STREET DRAIN,,San Jose,128A,,,,,,0,MGE,,,,20110916122547,20110930221456,MRF:Waterflow can not confirm
704,Swale,,,,EXISTING,EARTH,Interim,STREET DRAIN,,San Jose,128B,,,,,,0,MGE,,,,20110916122547,20110930221457,MRF:Waterflow can not confirm
705,Swale,,,,EXISTING,EARTH,Interim,OVERLAND RELEASE,SCHOOL,San Jose,128B,,,,,,0,MGE,,,,20110916122547,20110930221458,MRF:Waterflow can not confirm
706,Swale,,,,EXISTING,EARTH,Interim,OVERLAND RELEASE,,San Jose,98A,,,,,,0,MGE,,,,20110916122547,20110930221459,MRF:Waterflow can not confirm
707,Swale,,,,EXISTING,EARTH,Interim,STREET DRAIN,,San Jose,97A,,,,,,0,MGE,,,,20110916122547,20110930221459,
158,Swale,,,,EXISTING,EARTH,Permanent,STREET DRAIN,EASEMENT,San Jose,141B,24,,,,V Channel,0,MGE,,,,20110916122547,20110930221500,
159,Swale,,,,EXISTING,EARTH,Permanent,STREET DRAIN,EASEMENT,San Jose,141B,24,,,,V Channel,0,MGE,,,,20110916122547,20110930221500,MRF:Waterflow can not confirm
161,Swale,,,,EXISTING,EARTH,Permanent,STREET DRAIN,EASEMENT,San Jose,141D,72,,,,V Channel,0,DD-0066,,20010626000000,,20110916122547,20110930221501,
163,Swale,,,,EXISTING,EARTH,Permanent,OVERLAND RELEASE,EASEMENT,San Jose,141D,,135,,,Trapezoidal,0,MGE,,,,20110916122547,20110930221503,
164,Swale,,,,EXISTING,EARTH,Permanent,OVERLAND RELEASE,EASEMENT,San Jose,141D,72,,,,,0,MGE,,,,20110916122547,20110930221504,MRF:Waterflow can not confirm
166,Swale,,,,EXISTING,EARTH,Permanent,OVERLAND RELEASE,EASEMENT,San Jose,141D,72,,,,,0,MGE,,,,20110916122547,20110930221506,MRF:Waterflow can not confirm
236,Swale,,,,EXISTING,EARTH,Permanent,OVERLAND RELEASE,EASEMENT,San Jose,141D,72,,,,Trapezoidal,0,MGE,,,,20110916122547,20110930221509,MRF:Waterflow can not confirm
238,Swale,,,,EXISTING,EARTH,Permanent,OVERLAND RELEASE,EASEMENT,San Jose,141D,24,,,,V Channel,0,MGE,,,,20110916122547,20110930221510,
239,Swale,,,,EXISTING,EARTH,Permanent,OVERLAND RELEASE,EASEMENT,San Jose,141D,24,,,,V Channel,0,MGE,,,,20110916122547,20110930221511,
708,Swale,,,,EXISTING,EARTH,Interim,OVERLAND RELEASE,,San Jose,114A,,,,,,0,MGE,,,,20110916122547,20110930221514,MRF:Waterflow can not confirm
709,Swale,,,,EXISTING,EARTH,Interim,OVERLAND RELEASE,,San Jose,114A,,,,,,0,MGE,,,,20110916122547,20110930221514,MRF:Waterflow can not confirm
710,Swale,,,,EXISTING,EARTH,Interim,OVERLAND RELEASE,EASEMENT,San Jose,127B,,,,,,0,MGE,,,,20110916122547,20110930221515,MRF:Waterflow can not confirm
711,Swale,,,,EXISTING,EARTH,Interim,OVERLAND RELEASE,EASEMENT,San Jose,127B,,,,,,0,MGE,,,,20110916122547,20110930221515,MRF:Waterflow can not confirm
712,Swale,,,,EXISTING,EARTH,Interim,OVERLAND RELEASE,EASEMENT,San Jose,127B,,,,,,0,MGE,,,,20110916122547,20110930221516,MRF:Waterflow can not confirm
713,Swale,,,,EXISTING,EARTH,Interim,OVERLAND RELEASE,EASEMENT,San Jose,127B,,,,,,0,MGE,,,,20110916122547,20110930221517,MRF:Waterflow can not confirm
714,Swale,,,,EXISTING,EARTH,Interim,OVERLAND RELEASE,EASEMENT,San Jose,127B,,,,,,0,MGE,,,,20110916122547,20110930221518,MRF:Waterflow can not confirm
715,Swale,,,,EXISTING,EARTH,Interim,OVERLAND RELEASE,EASEMENT,San Jose,127B,,,,,,0,MGE,,,,20110916122547,20110930221518,MRF:Waterflow can not confirm
716,Swale,,,,EXISTING,EARTH,Interim,STREET DRAIN,,San Jose,128B,,,,,,0,MGE,,,,20110916122547,20110930221519,MRF:Waterflow can not confirm
717,Swale,,,,EXISTING,EARTH,Interim,OVERLAND RELEASE,EASEMENT,San Jose,128A,,,,,,0,MGE,,,,20110916122547,20110930221520,MRF:Waterflow can not confirm
271,Swale,,,,EXISTING,EARTH,Permanent,OVERLAND RELEASE,EASEMENT,San Jose,69A,4,,,,V Channel,0,MGE,,,,20110916122547,20110930221521,
272,Swale,,,,EXISTING,EARTH,Permanent,OVERLAND RELEASE,EASEMENT,San Jose,52B,2,130,,,V Channel,0,MGE,,,,20110916122547,20110930221522,
274,Swale,,,,EXISTING,EARTH,Permanent,STREET DRAIN,EASEMENT,San Jose,52D,4,,,,V Channel,0,MGE,,,,20110916122547,20110930221522,MRF:Waterflow can not confirm
300,Swale,,,,EXISTING,EARTH,Permanent,OVERLAND RELEASE,EASEMENT,San Jose,69A,8,163,,,V Channel,0,TR8430,,19910902000000,,20110916122547,20110930221523,
322,Swale,,,,EXISTING,EARTH,Permanent,OVERLAND RELEASE,RIGHT-OF-WAY,San Jose,37A,4,740,,,V Channel,0,DD-0160,,20030805000000,,20110916122547,20110930221525,
327,Swale,,,,EXISTING,EARTH,Interim,OVERLAND RELEASE,EASEMENT,San Jose,85D,,35,,,V Channel,-1,1-9229,,20030802000000,,20110916122547,20110930221527,
328,Swale,,,,EXISTING,EARTH,Interim,OVERLAND RELEASE,EASEMENT,San Jose,85D,,94,,,V Channel,-1,1-9229,,20030802000000,,20110916122547,20110930221528,
329,Swale,,,,EXISTING,EARTH,Interim,OVERLAND RELEASE,EASEMENT,San Jose,85D,,103,,,V Channel,-1,1-9229,,20030802000000,,20110916122547,20110930221529,
330,Swale,,,,EXISTING,EARTH,Interim,OVERLAND RELEASE,EASEMENT,San Jose,85D,,42,,,V Channel,-1,1-9229,,20030802000000,,20110916122547,20110930221530,
331,Swale,,,,EXISTING,EARTH,Interim,OVERLAND RELEASE,EASEMENT,San Jose,85D,,71,,,V Channel,-1,1-9229,,20030802000000,,20110916122547,20110930221531,
332,Swale,,,,EXISTING,EARTH,Interim,OVERLAND RELEASE,EASEMENT,San Jose,85D,,23,,,V Channel,-1,1-9229,,20030802000000,,20110916122547,20110930221532,
333,Swale,,,,EXISTING,EARTH,Interim,OVERLAND RELEASE,EASEMENT,San Jose,85D,,99,,,V Channel,-1,1-9229,,20030104000000,,20110916122547,20110930221533,
334,Swale,,,,EXISTING,EARTH,Interim,OVERLAND RELEASE,EASEMENT,San Jose,85D,,28,,,V Channel,-1,1-9229,,20030802000000,,20110916122547,20110930221534,
335,Swale,,,,EXISTING,EARTH,Interim,OVERLAND RELEASE,EASEMENT,San Jose,85D,,,,,V Channel,-1,1-9229,,20030802000000,,20110916122547,20110930221535,
336,Swale,,,,EXISTING,EARTH,Interim,OVERLAND RELEASE,EASEMENT,San Jose,85D,,133,,,V Channel,-1,1-9229,,20030802000000,,20110916122547,20110930221537,
337,Swale,,,,EXISTING,EARTH,Interim,OVERLAND RELEASE,EASEMENT,San Jose,85D,,156,,,V Channel,-1,1-9229,,20030802000000,,20110916122547,20110930221538,MRF:Geometry Collection
338,Swale,,,,EXISTING,EARTH,Interim,OVERLAND RELEASE,EASEMENT,San Jose,85D,,247,,,V Channel,-1,1-9229,,20030802000000,,20110916122547,20110930221539,
347,Swale,,,,EXISTING,EARTH,Interim,OVERLAND RELEASE,EASEMENT,San Jose,53A,,,,,V Channel,0,DD-2497,,20080501000000,,20110916122547,20110930221540,
348,Swale,,,,EXISTING,EARTH,Interim,OVERLAND RELEASE,EASEMENT,San Jose,53C,,,,,V Channel,0,DD-2513,,20080502000000,,20110916122547,20110930221541,
349,Swale,,,,EXISTING,EARTH,Interim,OVERLAND RELEASE,EASEMENT,San Jose,68D,,,,,V Channel,0,DD-2582,,20080521000000,,20110916122547,20110930221541,
353,Swale,,,,EXISTING,EARTH,Interim,OVERLAND RELEASE,EASEMENT,San Jose,84A,,,,,V Channel,0,DD-2344,,20080709000000,,20110916122547,20110930221542,
354,Swale,,,,EXISTING,EARTH,Interim,OVERLAND RELEASE,EASEMENT,San Jose,84A,,,,,V Channel,0,DD-2346,,20080712000000,,20110916122547,20110930221543,
355,Swale,,,,EXISTING,EARTH,Interim,OVERLAND RELEASE,EASEMENT,San Jose,84A,,,,,V Channel,0,DD-2346,,20080712000000,,20110916122547,20110930221543,
326,Swale,,,,EXISTING,EARTH,Interim,OVERLAND RELEASE,EASEMENT,San Jose,85D,,98,,,V Channel,-1,1-9229,,20030802000000,,20110916122547,20110930221526,
356,Swale,,,,EXISTING,EARTH,Interim,OVERLAND RELEASE,RIGHT-OF-WAY,San Jose,68C,,,,,V Channel,0,DD-2349,,20080715000000,,20110916122547,20110930221544,
357,Swale,,,,EXISTING,EARTH,Interim,OVERLAND RELEASE,RIGHT-OF-WAY,San Jose,68C,,,,,Trapezoidal,0,DD-2349,,20080715000000,,20110916122547,20110930221545,
363,Swale,,,,EXISTING,EARTH,Permanent,OVERLAND RELEASE,RIGHT-OF-WAY,San Jose,68C,,,,,V Channel,0,CALTSA,DD-2752,20100521000000,,20110916122547,20110930221546,
364,Swale,,,,EXISTING,EARTH,Permanent,OVERLAND RELEASE,RIGHT-OF-WAY,San Jose,68C,,,,,V Channel,0,DD-2752,,,,20110916122547,20110930221547,
3,Swale,,,,EXISTING,EARTH,Permanent,STREET DRAIN,RIGHT-OF-WAY,San Jose,98A,,,,,V Channel,0,MGE,,,,20110916122547,20110930221353,MRF:Waterflow can not confirm
4,Swale,,,,EXISTING,EARTH,Permanent,STREET DRAIN,RIGHT-OF-WAY,San Jose,98A,,,,,V Channel,0,MGE,,,,20110916122547,20110930221354,MRF:Waterflow can not confirm
540,Swale,,,,EXISTING,EARTH,Interim,STREET DRAIN,RIGHT-OF-WAY,San Jose,84D,,,,,,-1,3-02202,,20061215000000,,20110916122547,20110930221355,"MRF:The pipe looks like the gutter line,Length can not confirm"
503,Swale,,,,EXISTING,EARTH,Interim,OVERLAND RELEASE,EASEMENT,San Jose,37D,,,,,,-1,1-3279,,19610101000000,19621231000000,20110916122547,20110930221356,
504,Swale,,,,EXISTING,EARTH,Interim,OVERLAND RELEASE,EASEMENT,San Jose,37D,,,,,,-1,1-3279,,19610101000000,19621231000000,20110916122547,20110930221356,
505,French Drain,,,,EXISTING,DRN RCK PRF PIP,Interim,OVERLAND RELEASE,PARK,San Jose,53A,,12,,,,-1,1-16_ALUM_ROK_PK_ALRK0700,,20010802000000,,20110916122547,20110930221356,
506,French Drain,,,,EXISTING,DRN RCK PRF PIP,Interim,OVERLAND RELEASE,PARK,San Jose,53A,,98,,,,-1,1-16_ALUM_ROK_PK_ALRK0700,,20010802000000,,20110916122547,20110930221357,
507,French Drain,,,,EXISTING,DRN RCK PRF PIP,Interim,STREET DRAIN,PARK,San Jose,84B,,,,,,-1,1-16_LK_CUNNG_PK_DEST3635,,20071108000000,,20110916122547,20110930221358,
500,Swale,,,,EXISTING,Concrete,Interim,,,Private,67B,,126,,,,-1,3-01855,,20070223000000,,20110916122547,20110930221218,
501,Swale,,,,EXISTING,Concrete,Interim,,,Private,67B,,91,,,,-1,3-01855,,20070223000000,,20110916122547,20110930221219,
493,Swale,,,,EXISTING,EARTH,Interim,,,Private,67B,,,,,,-1,3-01855,,20070223000000,,20110916122547,20110930221219,
494,Swale,,,,EXISTING,Concrete,Interim,,,Private,67B,,,,,,-1,3-01855,,20070223000000,,20110916122547,20110930221219,
495,Swale,,,,EXISTING,EARTH,Interim,,,Private,67B,,78,,,,-1,3-01855,,20070223000000,,20110916122547,20110930221219,
82,Swale,,,,EXISTING,EARTH,Permanent,STREET DRAIN,RIGHT-OF-WAY,San Jose,117A,10,,,,V Channel,0,MGE,,,,20111008093057,20111008160629,MRF:Waterflow can not confirm
145,Swale,,,,EXISTING,EARTH,Interim,OVERLAND RELEASE,RIGHT-OF-WAY,San Jose,143B,6,,,,V Channel,0,MGE,,,,20111008095341,20111008160632,
544,French Drain,,,,EXISTING,DRN RCK PRF PIP,Interim,OVERLAND RELEASE,PARK,San Jose,101B,,105,,423.47,,-1,1-16_FOWLER_PARK_L6.1,,20061213000000,,20110916122547,20110930221220,
545,French Drain,,,,EXISTING,DRN RCK PRF PIP,Interim,OVERLAND RELEASE,PARK,San Jose,101B,,80,,423.22,,-1,1-16_FOWLER_PARK_L6.1,,20061213000000,,20110916122547,20110930221220,
546,French Drain,,,,EXISTING,DRN RCK PRF PIP,Interim,OVERLAND RELEASE,PARK,San Jose,101B,,135,,422.11,,-1,1-16_FOWLER_PARK_L6.1,,20061213000000,,20110916122547,20110930221220,
547,French Drain,,,,EXISTING,DRN RCK PRF PIP,Interim,OVERLAND RELEASE,PARK,San Jose,101B,,101,,422.45,,-1,1-16_FOWLER_PARK_L6.1,,20061213000000,,20110916122547,20110930221220,
548,Trench Drain,,,,EXISTING,Drain Rock,Interim,OVERLAND RELEASE,PARK,San Jose,101C,,113,,185.99,,-1,1-16_SLVR_CRK_PK_SILV1195,,19960614000000,,20110916122547,20110930221220,
549,Swale,,,,EXISTING,EARTH,Interim,OVERLAND RELEASE,EASEMENT,San Jose,101D,,,,,,0,1-9917,,20090520000000,,20110916122547,20110930221221,
732,Swale,,,,EXISTING,EARTH,,OVERLAND RELEASE,,Private,84D,36,71,2,,Trapezoidal,-1,3-02249,,20110208000000,20120227000000,20120425165741,20120425165429,
733,Swale,,,,EXISTING,EARTH,Interim,OVERLAND RELEASE,,Private,84D,36,71,2,,Trapezoidal,-1,3-02249,,20110208000000,20120227000000,,20120425165549,
747,Valley Gutter,,,,EXISTING,Concrete,Permanent,OVERLAND RELEASE,,Private,34B,2,,,13,V Channel,-1,3-09290M,,20090918000000,,20120816111924,20120814104116,
758,Swale,,,,EXISTING,,,,,Private,51C,3,15,,58.2,,-1,3-10059A,,20111020000000,,20121205152744,20121204155759,
759,Swale,,,,EXISTING,,,,,Private,51C,3,13,,,,-1,3-10059A,,20111020000000,,20121205152615,20121205082115,
906,Swale,,,,EXISTING,EARTH,Permanent,OVERLAND RELEASE,,San Jose,53A,,,,,,0,MGE,DD-3246,,,,20140109135106,feature digitized from 2001 orthophoto
771,Swale,,,,EXISTING,,,,,Private,51C,3,10,,58.4,,-1,3-10059A,,20111020000000,,20121205152644,20121205103921,
795,Swale,,,,EXISTING,,,,,Private,51C,3,32,,57.68,,-1,3-10059A,,20111020000000,,20121207085655,20121205152456,
763,Swale,,,,EXISTING,,,,,Private,51C,3,9,,61.1,,-1,3-10059A,,20111020000000,,20121205152629,20121205083504,
910,Swale,,,,EXISTING,EARTH,Permanent,OVERLAND RELEASE,,San Jose,99D,,,,,,0,MGE,DD-3257,,,,20140128081902,
793,Swale,,,,EXISTING,,,,,Private,51C,3,,,57.08,,-1,3-10059A,,20111020000000,,20121205152714,20121205143215,
769,Swale,,,,EXISTING,,,,,Private,51C,3,32,,58.17,,-1,3-10059A,,20111020000000,,20121205152636,20121205085536,
788,Swale,,,,EXISTING,,,,,Private,51C,3,16,,57.17,,-1,3-10059A,,20111020000000,,20121205152705,20121205135210,
772,Swale,,,,EXISTING,,,,,Private,51C,3,20,,58.4,,-1,3-10059A,,20111020000000,,20121205151401,20121205103946,
775,Swale,,,,EXISTING,,,,,Private,51C,3,,,57.08,,-1,3-10059A,,20111020000000,,20121205152720,20121205115003,
908,Swale,,,,EXISTING,EARTH,Permanent,OVERLAND RELEASE,,San Jose,53A,,,,,,0,MGE,DD-3246,,,,20140109140148,feature was digitized using the 2001 orthophoto
920,Swale,,,,EXISTING,EARTH,Permanent,OVERLAND RELEASE,,Private,114C,,,,,Trapezoidal,0,3-05731,,20130801000000,,,20140225102104,
921,Swale,,,,EXISTING,EARTH,Permanent,OVERLAND RELEASE,,Private,114C,,,,,Trapezoidal,0,3-05731,,20130801000000,,,20140225102210,
926,Trench Drain,,,,EXISTING,Concrete,Permanent,OVERLAND RELEASE,,Private,84B,,,,129.78,,-1,3-06839,,20081022000000,,20140318143304,20140318143118,TG is from 134.98 to 134.98 
550,Swale,,,,EXISTING,EARTH,Interim,OVERLAND RELEASE,EASEMENT,Private,101D,,,,,,0,1-9917,3-16802,20090520000000,,20141202111445,20110930221221,
551,Swale,,,,EXISTING,EARTH,Interim,OVERLAND RELEASE,RIGHT-OF-WAY,San Jose,115A,,306,,,,-1,1-9353,,20050111000000,,20110916122547,20110930221221,
552,Swale,,,,EXISTING,EARTH,Interim,OVERLAND RELEASE,EASEMENT,Private,115A,,1945,,150.26,,-1,1-9422,,20030701000000,,20110916122547,20110930221221,
554,Swale,,,,EXISTING,Concrete,Interim,OVERLAND RELEASE,RIGHT-OF-WAY,Private,116B,,170,,,,-1,1-8842,,19970625000000,,20110916122547,20110930221222,
556,French Drain,,,,EXISTING,DRN RCK PRF PIP,Interim,OVERLAND RELEASE,PARK,San Jose,116C,,75,,,,-1,1-16_GRT_OAKS_PK_GRTO0901,,20020821000000,,20110916122547,20110930221222,
557,French Drain,,,,EXISTING,DRN RCK PRF PIP,Interim,OVERLAND RELEASE,PARK,San Jose,116C,,9,,,,-1,1-16_GRT_OAKS_PK_GRTO0901,,20020821000000,,20110916122547,20110930221222,
558,French Drain,,,,EXISTING,DRN RCK PRF PIP,Interim,OVERLAND RELEASE,PARK,San Jose,116C,,90,,,,-1,1-16_GRT_OAKS_PK_GRTO0901,,20020821000000,,20110916122547,20110930221223,
532,Trench Drain,,,,EXISTING,DRN RCK PRF PIP,Interim,OVERLAND RELEASE,PARK,San Jose,85A,,35,,120.42,,-1,1-16_LK_CUNNG_PK_LAKE0304,,20040614000000,,20110916122547,20110930221240,
533,Trench Drain,,,,EXISTING,DRN RCK PRF PIP,Interim,OVERLAND RELEASE,PARK,San Jose,85A,,70,,,,-1,1-16_LK_CUNNG_PK_LAKE0304,,20040614000000,,20110916122547,20110930221241,
534,Trench Drain,,,,EXISTING,DRN RCK PRF PIP,Interim,OVERLAND RELEASE,PARK,San Jose,85A,,200,,119.05,,-1,1-16_LK_CUNNG_PK_LAKE0304,,20040614000000,,20110916122547,20110930221241,
899,Swale,,,,EXISTING,EARTH,Permanent,OVERLAND RELEASE,,San Jose,86C,,,,482.6,,-1,1-9481,,20061107000000,,20140103094533,20140103094419,
536,Trench Drain,,,,EXISTING,Drain Rock,Interim,OVERLAND RELEASE,PARK,San Jose,85B,,120,,,,-1,1-16_GROSBECK_PK_GRBK0693,,19940502000000,,20110916122547,20110930221242,
537,Trench Drain,,,,EXISTING,Drain Rock,Interim,OVERLAND RELEASE,PARK,San Jose,85B,,120,,,,-1,1-16_GROSBECK_PK_GRBK0693,,19940502000000,,20110916122547,20110930221242,
898,Valley Gutter,,,,EXISTING,Drain Rock,Permanent,OVERLAND RELEASE,RIGHT-OF-WAY,San Jose,130D,,,,,,-1,3-14198,,20060707000000,,20131206153935,20131206153700,
900,Valley Gutter,,,,EXISTING,Concrete,Permanent,OVERLAND RELEASE,EASEMENT,Private,86C,,,6,507,Rectangular,-1,1-9481,,20061107000000,,20140103133400,20140103131342,
517,Valley Gutter,,,,EXISTING,Concrete,Interim,OVERLAND RELEASE,EASEMENT,Private,84A,,167,,,,-1,1-7438,,19840613000000,,20110916122547,20110930221243,
41,Swale,,,,EXISTING,EARTH,Permanent,STREET DRAIN,RIGHT-OF-WAY,San Jose,85A,,,,,,0,MGE,,,,20110916122547,20110930221244,
42,Swale,,,,EXISTING,EARTH,Permanent,STREET DRAIN,RIGHT-OF-WAY,San Jose,85A,,,,,V Channel,0,MGE,,,,20110916122547,20110930221244,
43,Swale,,,,EXISTING,EARTH,Permanent,OVERLAND RELEASE,EASEMENT,San Jose,84C,3,,,,Rectangular,0,MGE,,,,20110916122547,20110930221244,
47,Swale,,,,EXISTING,EARTH,Permanent,STREET DRAIN,EASEMENT,San Jose,85C,10,,,,V Channel,0,MGE,,,,20110916122547,20110930221245,
58,Swale,,,,EXISTING,EARTH,Permanent,OVERLAND RELEASE,EASEMENT,San Jose,85D,,,,,,0,MGE,,,,20110916122547,20110930221245,MRF:Waterflow can not confirm
59,Swale,,,,EXISTING,EARTH,Permanent,OVERLAND RELEASE,EASEMENT,San Jose,85D,,,,,,0,MGE,,,,20110916122547,20110930221245,
60,Swale,,,,EXISTING,EARTH,Permanent,OVERLAND RELEASE,EASEMENT,San Jose,85D,,,,,,0,MGE,,,,20110916122547,20110930221246,
61,Swale,,,,EXISTING,EARTH,Permanent,OVERLAND RELEASE,EASEMENT,San Jose,85D,,,,,,0,MGE,,,,20110916122547,20110930221246,
261,Swale,,,,EXISTING,EARTH,Permanent,STREET DRAIN,EASEMENT,San Jose,37D,3,528,,,V Channel,0,MGE,,,,20111008110141,20111008160640,MRF:Waterflow can not confirm
531,Trench Drain,,,,EXISTING,DRN RCK PRF PIP,Interim,OVERLAND RELEASE,PARK,San Jose,85A,,95,,120.44,,-1,1-16_LK_CUNNG_PK_LAKE0304,,20040614000000,,20110916122547,20110930221240,
168,Swale,,,,EXISTING,EARTH,Permanent,OVERLAND RELEASE,EASEMENT,San Jose,141D,48,,,,Trapezoidal,0,MGE,DD-0066,20010622000000,,20111008101345,20111008160634,MRF:Geometry Collection
153,Valley Gutter,,,,EXISTING,Concrete,Permanent,STREET DRAIN,RIGHT-OF-WAY,San Jose,35A,4,150,,,,0,MGE,,,,20140527151509,20110930221255,
167,Swale,,,,EXISTING,EARTH,Permanent,OVERLAND RELEASE,EASEMENT,San Jose,141D,48,,,,,0,MGE,DD-0067,20010629000000,,20111008100940,20111008160633,
172,Swale,,,,EXISTING,EARTH,Permanent,STREET DRAIN,RIGHT-OF-WAY,San Jose,157A,,,,,V Channel,0,MGE,,,,20111008101729,20111008160634,
156,French Drain,,,,EXISTING,DRN RCK PRF PIP,Permanent,STREET DRAIN,RIGHT-OF-WAY,San Jose,19D,,,,,,0,11-6264,,20110209000000,,20110916122547,20110930221256,
191,Swale,,,,EXISTING,Concrete,Permanent,STREET DRAIN,RIGHT-OF-WAY,San Jose,67A,,,,,,0,MGE,,,,20110916122547,20110930221257,
487,Swale,,,,EXISTING,EARTH,Interim,,PARK,San Jose,67D,,,,,,-1,CIP1442,,20060322000000,,20110916122547,20110930221257,
488,Swale,,,,EXISTING,EARTH,Interim,,PARK,San Jose,67D,,,,,,-1,CIP1442,,20060322000000,,20110916122547,20110930221258,
489,Swale,,,,EXISTING,EARTH,Interim,,PARK,San Jose,67D,,,,,,-1,CIP1442,,20060322000000,,20110916122547,20110930221258,
490,Swale,,,,EXISTING,EARTH,Interim,,PARK,San Jose,67D,,,,,,-1,CIP1442,,20060322000000,,20110916122547,20110930221259,
491,Swale,,,,EXISTING,EARTH,Interim,,,Private,67B,,,,,,-1,3-01855,,20100128000000,,20140820123912,20110930221259,
492,Swale,,,,EXISTING,EARTH,Interim,,,Private,67B,,,,,,-1,3-01855,,20070223000000,,20110916122547,20110930221259,
497,Swale,,,,EXISTING,Concrete,Interim,,,Private,67A,,137,,,,-1,3-01855,,20070223000000,,20110916122547,20110930221300,
498,Swale,,,,EXISTING,Concrete,Interim,,,Private,67B,,170,,,,-1,3-01855,,20070223000000,,20110916122547,20110930221300,
499,Swale,,,,EXISTING,Concrete,Interim,,,Private,67B,,128,,,,-1,3-01855,,20070223000000,,20110916122547,20110930221302,
403,French Drain,,,,EXISTING,DRN RCK PRF PIP,Permanent,OVERLAND RELEASE,PARK,San Jose,83A,6,45,,81.23,,-1,1-16_ARENA_GREEN_CPAG0300,,20000602000000,20010601000000,20110916122547,20110930221302,
404,French Drain,,,,EXISTING,DRN RCK PRF PIP,Permanent,OVERLAND RELEASE,PARK,San Jose,83A,6,46,,80.97,,-1,1-16_ARENA_GREEN_CPAG0300,,20000602000000,20010601000000,20110916122547,20110930221303,
405,French Drain,,,,EXISTING,DRN RCK PRF PIP,Permanent,OVERLAND RELEASE,PARK,San Jose,83A,6,46,,80.71,,-1,1-16_ARENA_GREEN_CPAG0300,,20000602000000,20010601000000,20110916122547,20110930221303,
406,French Drain,,,,EXISTING,DRN RCK PRF PIP,Permanent,OVERLAND RELEASE,PARK,San Jose,83A,6,45,,80.45,,-1,1-16_ARENA_GREEN_CPAG0300,,20000602000000,20010601000000,20110916122547,20110930221304,
408,French Drain,,,,EXISTING,DRN RCK PRF PIP,Permanent,OVERLAND RELEASE,PARK,San Jose,83A,,,,78,,-1,1-16_ARENA_GREEN_CPAG0300,,20000602000000,20010601000000,20110916122547,20110930221305,
409,French Drain,,,,EXISTING,DRN RCK PRF PIP,Permanent,OVERLAND RELEASE,PARK,San Jose,83A,,23,,80.55,Rectangular,-1,1-16_ARENA_GREEN_GDRV1694,,19940621000000,,20110916122547,20110930221306,
410,French Drain,,,,EXISTING,DRN RCK PRF PIP,Permanent,OVERLAND RELEASE,PARK,San Jose,83A,,23,,80.55,Rectangular,-1,1-16_ARENA_GREEN_GDRV1694,,19940621000000,,20110916122547,20110930221306,
411,French Drain,,,,EXISTING,DRN RCK PRF PIP,Permanent,OVERLAND RELEASE,PARK,San Jose,83A,,7,,79.55,Rectangular,-1,1-16_ARENA_GREEN_GDRV1694,,19940621000000,,20110916122547,20110930221306,
412,French Drain,,,,EXISTING,DRN RCK PRF PIP,Permanent,OVERLAND RELEASE,PARK,San Jose,83A,,14,,,Rectangular,-1,1-16_ARENA_GREEN_GDRV1694,,19940621000000,,20110916122547,20110930221307,
413,French Drain,,,,EXISTING,DRN RCK PRF PIP,Permanent,OVERLAND RELEASE,PARK,San Jose,83A,,14,,80.76,Rectangular,-1,1-16_ARENA_GREEN_GDRV1694,,19940621000000,,20110916122547,20110930221307,
414,French Drain,,,,EXISTING,DRN RCK PRF PIP,Permanent,OVERLAND RELEASE,PARK,San Jose,83A,,20,,,Rectangular,-1,1-16_ARENA_GREEN_GDRV1694,,19940621000000,,20110916122547,20110930221308,
415,French Drain,,,,EXISTING,DRN RCK PRF PIP,Permanent,OVERLAND RELEASE,PARK,San Jose,83A,,20,,80.55,Rectangular,-1,1-16_ARENA_GREEN_GDRV1694,,19940621000000,,20110916122547,20110930221308,
22,Swale,,,,EXISTING,EARTH,Permanent,STREET DRAIN,RIGHT-OF-WAY,San Jose,83C,,,,,,0,MGE,,,,20110918155803,20110930221309,MRF:Location and Waterflow can not confirmed
351,Swale,,,,EXISTING,EARTH,Permanent,OVERLAND RELEASE,RIGHT-OF-WAY,San Jose,83C,,,,,,0,DD-2597,,20080701000000,,20110916122547,20110930221310,
416,French Drain,,,,EXISTING,DRN RCK PRF PIP,Permanent,OVERLAND RELEASE,PARK,San Jose,83A,,20,,,Rectangular,-1,1-16_ARENA_GREEN_GDRV1694,,19940621000000,,20110916122547,20110930221310,
417,French Drain,,,,EXISTING,DRN RCK PRF PIP,Permanent,OVERLAND RELEASE,PARK,San Jose,83A,,20,,80.55,Rectangular,-1,1-16_ARENA_GREEN_GDRV1694,,19940621000000,,20110916122547,20110930221311,
418,French Drain,,,,EXISTING,DRN RCK PRF PIP,Permanent,OVERLAND RELEASE,PARK,San Jose,83A,,8,,79.55,Rectangular,-1,1-16_ARENA_GREEN_GDRV1694,,19940621000000,,20110916122547,20110930221311,
419,French Drain,,,,EXISTING,DRN RCK PRF PIP,Permanent,OVERLAND RELEASE,PARK,San Jose,83A,6,24,,,Rectangular,-1,1-16_ARENA_GREEN_GDRV1694,,19940621000000,,20110916122547,20110930221311,
420,French Drain,,,,EXISTING,DRN RCK PRF PIP,Permanent,OVERLAND RELEASE,PARK,San Jose,83A,6,24,,80.83,Rectangular,-1,1-16_ARENA_GREEN_GDRV1694,,19940621000000,,20110916122547,20110930221312,
543,Trench Drain,,,,EXISTING,Drain Rock,Interim,OVERLAND RELEASE,EASEMENT,Private,128B,,28,,,,-1,CIP2197,,20080426000000,,20110916122547,20110930221312,
560,French Drain,,,,EXISTING,DRN RCK PRF PIP,Interim,OVERLAND RELEASE,PARK,San Jose,116C,,7,,,,-1,1-16_GRT_OAKS_PK_GRTO0901,,20020821000000,,20110916122547,20110930221312,
583,Swale,,,,EXISTING,EARTH,Interim,OVERLAND RELEASE,EASEMENT,Private,99D,,34,,,,-1,3-10720G,,20040506000000,,20110916122547,20110930221313,
584,Swale,,,,EXISTING,Concrete,Interim,OVERLAND RELEASE,RIGHT-OF-WAY,San Jose,99D,,372,,,,-1,3-10720G,,20040506000000,,20110916122547,20110930221313,
407,French Drain,,,,EXISTING,DRN RCK PRF PIP,Permanent,OVERLAND RELEASE,PARK,San Jose,83A,,47,,80.17,,-1,1-16_ARENA_GREEN_CPAG0300,,20000602000000,20010601000000,20110916122547,20110930221304,
585,Swale,,,,EXISTING,Concrete,Interim,OVERLAND RELEASE,RIGHT-OF-WAY,San Jose,99D,,381,,,,-1,3-10720G,,20040506000000,,20110916122547,20110930221313,
588,French Drain,,,,EXISTING,DRN RCK PRF PIP,Interim,OVERLAND RELEASE,RIGHT-OF-WAY,San Jose,130C,,,,181.68,,0,3-01591,,20040401000000,,20110916122547,20110930221314,
589,French Drain,,,,EXISTING,DRN RCK PRF PIP,Interim,OVERLAND RELEASE,RIGHT-OF-WAY,San Jose,130C,,,,183.67,,0,3-01591,,20040401000000,,20110916122547,20110930221314,
590,French Drain,,,,EXISTING,DRN RCK PRF PIP,Permanent,STREET DRAIN,RIGHT-OF-WAY,San Jose,20C,,33,,,,0,11-6264,,20110209000000,,20110916122547,20110930221315,
591,French Drain,,,,EXISTING,DRN RCK PRF PIP,Permanent,STREET DRAIN,RIGHT-OF-WAY,San Jose,19D,,918,,,,0,11-6264,,20110209000000,,20110916122547,20110930221315,
592,French Drain,,,,EXISTING,DRN RCK PRF PIP,Permanent,STREET DRAIN,RIGHT-OF-WAY,San Jose,19D,,99,,,,0,11-6264,,20110209000000,,20110916122547,20110930221315,
593,French Drain,,,,EXISTING,DRN RCK PRF PIP,Permanent,STREET DRAIN,RIGHT-OF-WAY,San Jose,19D,,100,,,,0,11-6264,,20110209000000,,20110916122547,20110930221316,
594,French Drain,,,,EXISTING,DRN RCK PRF PIP,Permanent,STREET DRAIN,RIGHT-OF-WAY,San Jose,19D,,127,,,,0,11-6264,,20110209000000,,20110916122547,20110930221316,
595,Swale,,,,EXISTING,EARTH,Interim,OVERLAND RELEASE,EASEMENT,Private,99D,,42,,,,-1,3-10720G,,20040506000000,,20110916122547,20110930221316,
62,Swale,,,,EXISTING,EARTH,Permanent,OVERLAND RELEASE,EASEMENT,San Jose,100B,16,,,,Trapezoidal,0,MGE,,,,20110916122547,20110930221316,
63,Swale,,,,EXISTING,EARTH,Permanent,OVERLAND RELEASE,EASEMENT,San Jose,101B,4,,,,V Channel,0,MGE,,,,20110916122547,20110930221317,
64,Swale,,,,EXISTING,EARTH,Permanent,OVERLAND RELEASE,EASEMENT,San Jose,101B,2,,,,Half Round,0,MGE,,,,20110916122547,20110930221317,
87,Swale,,,,EXISTING,EARTH,Permanent,OVERLAND RELEASE,RIGHT-OF-WAY,San Jose,115B,,,,,,0,MGE,,,,20111008093242,20150115141747,
70,Swale,,,,EXISTING,EARTH,Permanent,STREET DRAIN,RIGHT-OF-WAY,San Jose,101B,4,210,,,V Channel,0,MGE,,,,20110916122547,20110930221318,
76,Swale,,,,EXISTING,EARTH,Interim,STREET DRAIN,RIGHT-OF-WAY,San Jose,101B,7,475,,,V Channel,0,MGE,,,,20110916122547,20110930221318,
114,Swale,,,,EXISTING,EARTH,Permanent,OVERLAND RELEASE,EASEMENT,San Jose,101C,24,810,,,V Channel,0,MGE,,,,20111008093808,20111008160630,
90,Swale,,,,EXISTING,EARTH,Permanent,OVERLAND RELEASE,RIGHT-OF-WAY,San Jose,115B,,,,,,0,MGE,,,,20111008093447,20111008160630,
125,Swale,,,,EXISTING,EARTH,Interim,STREET DRAIN,EASEMENT,San Jose,128D,,,,,V Channel,0,MGE,,,,20111008144417,20111008160630,MRF:Waterflow can not confirm
86,Swale,,,,EXISTING,EARTH,Permanent,OVERLAND RELEASE,RIGHT-OF-WAY,San Jose,115B,,,,,,0,MGE,,,,20110916122547,20110930221320,
126,Swale,,,,EXISTING,EARTH,Permanent,STREET DRAIN,RIGHT-OF-WAY,San Jose,128D,,,,,,0,MGE,,,,20111008091443,20111008160631,MRF:Waterflow can not confirm
127,Swale,,,,EXISTING,EARTH,Permanent,STREET DRAIN,RIGHT-OF-WAY,San Jose,128D,,,,,,0,MGE,,,,20111008094219,20111008160631,
257,Swale,,,,EXISTING,EARTH,Permanent,STREET DRAIN,EASEMENT,San Jose,37D,2,573,,,V Channel,0,MGE,,,,20111008110210,20111008160640,MRF:Waterflow can not confirm
207,Swale,,,,EXISTING,EARTH,Permanent,OVERLAND RELEASE,EASEMENT,San Jose,53A,,,,,Half Round,0,MGE,,,,20110916122547,20110930221247,
209,Swale,,,,EXISTING,EARTH,Permanent,OVERLAND RELEASE,EASEMENT,San Jose,37C,2,,,,V Channel,0,MGE,,,,20110916122547,20110930221248,MRF:Waterflow can not confirm
210,Swale,,,,EXISTING,EARTH,Permanent,OVERLAND RELEASE,EASEMENT,San Jose,37D,3,,,,V Channel,0,1-3279,,19610101000000,19621231000000,20110916122547,20110930221249,
211,Swale,,,,EXISTING,EARTH,Permanent,OVERLAND RELEASE,EASEMENT,San Jose,37D,3,,,,V Channel,0,1-3279,,19610101000000,19621231000000,20110916122547,20110930221249,
212,Swale,,,,EXISTING,EARTH,Permanent,OVERLAND RELEASE,EASEMENT,San Jose,37D,3,,,,V Channel,0,1-3279,,19610101000000,19621231000000,20110916122547,20110930221249,
213,Swale,,,,EXISTING,EARTH,Permanent,OVERLAND RELEASE,EASEMENT,San Jose,37D,3,,,,V Channel,0,1-3279,,19610101000000,19621231000000,20110916122547,20110930221250,
214,Swale,,,,EXISTING,EARTH,Permanent,OVERLAND RELEASE,EASEMENT,San Jose,37D,3,,,,V Channel,0,1-3279,,19610101000000,19621231000000,20110916122547,20110930221250,
215,Swale,,,,EXISTING,EARTH,Permanent,OVERLAND RELEASE,EASEMENT,San Jose,37C,3,488,,,,0,MGE,,,,20110916122547,20110930221251,
233,Swale,,,,EXISTING,EARTH,Permanent,OVERLAND RELEASE,EASEMENT,San Jose,37D,2,430,,,V Channel,0,MGE,,,,20110916122547,20110930221251,
234,Swale,,,,EXISTING,EARTH,Permanent,OVERLAND RELEASE,EASEMENT,San Jose,37D,4,150,,,V Channel,0,MGE,,,,20110916122547,20110930221251,
243,Swale,,,,EXISTING,EARTH,Permanent,OVERLAND RELEASE,EASEMENT,San Jose,69A,4,,,,,0,MGE,,,,20110916122547,20110930221251,
244,Swale,,,,EXISTING,EARTH,Permanent,OVERLAND RELEASE,EASEMENT,Private,69A,3,,,,V Channel,0,MGE,,,,20110916122547,20110930221252,
245,Swale,,,,EXISTING,EARTH,Permanent,OVERLAND RELEASE,EASEMENT,Private,69A,3,,,,V Channel,0,MGE,,,,20110916122547,20110930221252,
246,Swale,,,,EXISTING,EARTH,Permanent,STREET DRAIN,EASEMENT,San Jose,52A,5,,,,V Channel,0,MGE,,,,20110916122547,20110930221252,
165,Swale,,,,EXISTING,EARTH,Permanent,OVERLAND RELEASE,EASEMENT,San Jose,141D,72,,,,,0,MGE,,,,20111008100818,20111008160633,
249,Swale,,,,EXISTING,EARTH,Permanent,OVERLAND RELEASE,EASEMENT,San Jose,37D,,,,,V Channel,0,MGE,,,,20110916122547,20110930221253,MRF:Waterflow can not confirm
484,Swale,,,,EXISTING,EARTH,Interim,,PARK,San Jose,51B,,233,,,,-1,1-16_FLCKNGER_PK_FLCK0584,,19850831000000,,20110916122547,20110930221254,
485,Swale,,,,EXISTING,EARTH,Interim,,PARK,San Jose,51B,,157,,,,-1,1-16_FLCKNGER_PK_FLCK0584,,19850831000000,,20110916122547,20110930221254,
486,Swale,,,,EXISTING,EARTH,Interim,,PARK,San Jose,51B,,,,,,-1,1-16_FLCKNGER_PK_FLCK0584,,19850831000000,,20110916122547,20110930221254,
135,Swale,,,,EXISTING,EARTH,Interim,OVERLAND RELEASE,EASEMENT,San Jose,143B,6,,,,V Channel,0,MGE,,,,20110916122547,20110930221332,
140,Swale,,,,EXISTING,EARTH,Permanent,STREET DRAIN,RIGHT-OF-WAY,Private,143B,,,,,,0,MGE,,,,20110916122547,20110930221333,
141,Swale,,,,EXISTING,EARTH,Permanent,OVERLAND RELEASE,EASEMENT,San Jose,142B,,,,,,0,MGE,,,,20110916122547,20110930221333,
142,Swale,,,,EXISTING,EARTH,Permanent,OVERLAND RELEASE,EASEMENT,San Jose,142B,,,,,,0,MGE,,,,20110916122547,20110930221334,
561,French Drain,,,,EXISTING,DRN RCK PRF PIP,Interim,OVERLAND RELEASE,PARK,San Jose,116C,,115,,,,-1,1-16_GRT_OAKS_PK_GRTO0901,,20020821000000,,20110916122547,20110930221335,
562,Swale,,,,EXISTING,EARTH,Interim,OVERLAND RELEASE,EASEMENT,San Jose,117C,,,,566,,-1,1-8476,,20010423000000,,20110916122547,20110930221335,
567,Valley Gutter,,,,EXISTING,Concrete,Interim,OVERLAND RELEASE,RIGHT-OF-WAY,Private,114B,,370,,184,V Channel,-1,1-9454,,20040612000000,,20110916122547,20110930221336,
568,Valley Gutter,,,,EXISTING,Concrete,Interim,OVERLAND RELEASE,RIGHT-OF-WAY,Private,114B,,180,,166,V Channel,-1,1-9454,,20040612000000,,20110916122547,20110930221336,
569,Valley Gutter,,,,EXISTING,Concrete,Interim,OVERLAND RELEASE,RIGHT-OF-WAY,Private,114B,,102,,168,V Channel,-1,1-9454,,20040612000000,,20110916122547,20110930221337,
570,Valley Gutter,,,,EXISTING,Concrete,Interim,OVERLAND RELEASE,RIGHT-OF-WAY,Private,114B,,343,,168,,-1,1-9454,,20040612000000,,20110916122547,20110930221337,
571,Swale,,,,EXISTING,EARTH,Interim,OVERLAND RELEASE,RIGHT-OF-WAY,Private,114B,,97,,155,,-1,1-9454,,20040612000000,,20110916122547,20110930221338,
572,Valley Gutter,,,,EXISTING,Concrete,Interim,OVERLAND RELEASE,RIGHT-OF-WAY,San Jose,114B,,,,,,-1,1-9454,,20040612000000,,20110916122547,20110930221338,
573,Swale,,,,EXISTING,Concrete,Interim,OVERLAND RELEASE,RIGHT-OF-WAY,San Jose,100C,,479,,,,-1,3-10720G,,20040506000000,,20110916122547,20110930221339,
574,Valley Gutter,,,,EXISTING,Concrete,Interim,OVERLAND RELEASE,RIGHT-OF-WAY,San Jose,99D,,68,,,,-1,3-10720G,,20040506000000,,20110916122547,20110930221339,
575,Valley Gutter,,,,EXISTING,Concrete,Interim,OVERLAND RELEASE,RIGHT-OF-WAY,San Jose,100C,,387,,,,-1,3-10720G,,20040506000000,,20110916122547,20110930221340,
576,Valley Gutter,,,,EXISTING,Concrete,Interim,OVERLAND RELEASE,RIGHT-OF-WAY,San Jose,100C,,460,,,,-1,3-10720G,,20040506000000,,20110916122547,20110930221341,
577,Swale,,,,EXISTING,Concrete,Interim,OVERLAND RELEASE,RIGHT-OF-WAY,San Jose,99D,,419,,,,-1,3-10720G,,20040506000000,,20110916122547,20110930221341,
123,Swale,,,,EXISTING,EARTH,Permanent,STREET DRAIN,RIGHT-OF-WAY,San Jose,129A,3,400,,,V Channel,0,MGE,,,,20110916122547,20110930221332,
431,French Drain,,,,EXISTING,DRN RCK PRF PIP,Permanent,OVERLAND RELEASE,PARK,San Jose,83A,4,35,,77.95,Rectangular,-1,1-16_ARENA_GREEN_TIAG0498,,19980720000000,19990719000000,20111008095640,20111008160643,
432,French Drain,,,,EXISTING,DRN RCK PRF PIP,Permanent,OVERLAND RELEASE,PARK,San Jose,83A,4,14,,77.95,Rectangular,-1,1-16_ARENA_GREEN_TIAG0498,,19980720000000,19990719000000,20111008095327,20111008160644,
365,Swale,,,,EXISTING,Concrete,Interim,OVERLAND RELEASE,EASEMENT,San Jose,67A,,,,,,0,DD-2762,,20100528000000,,20111008100333,20111008160642,
441,Trench Drain,,,,EXISTING,Drain Rock,Permanent,OVERLAND RELEASE,SCHOOL,Private,99C,8,100,,,,-1,3-07253M,,20050605000000,,20111008094007,20111008160644,MRF:Shape not sure
429,French Drain,,,,EXISTING,DRN RCK PRF PIP,Permanent,OVERLAND RELEASE,PARK,San Jose,83A,4,52,,78.89,Rectangular,-1,1-16_ARENA_GREEN_TIAG0498,,19980720000000,19990719000000,20111008095929,20111008160642,
430,French Drain,,,,EXISTING,DRN RCK PRF PIP,Permanent,OVERLAND RELEASE,PARK,San Jose,83A,4,26,,78.89,Rectangular,-1,1-16_ARENA_GREEN_TIAG0498,,19980720000000,19990719000000,20111008100145,20111008160643,
154,Valley Gutter,,,,EXISTING,Concrete,Permanent,STREET DRAIN,EASEMENT,San Jose,35A,4,225,,,,0,MGE,,,,20111008095823,20111008160632,
155,Valley Gutter,,,,EXISTING,Concrete,Permanent,STREET DRAIN,RIGHT-OF-WAY,San Jose,35A,4,146,,,,0,MGE,,,,20111008143713,20111008160632,
84,Swale,,,,EXISTING,EARTH,Permanent,OVERLAND RELEASE,RIGHT-OF-WAY,San Jose,115B,,,,,,0,MGE,,,,20110930230705,20111008160628,
85,Swale,,,,EXISTING,EARTH,Permanent,OVERLAND RELEASE,RIGHT-OF-WAY,San Jose,115B,,,,,,0,MGE,,,,20110930230719,20111008160628,
5,Swale,,,,EXISTING,EARTH,Permanent,STREET DRAIN,RIGHT-OF-WAY,San Jose,112B,1,,,,V Channel,0,MGE,,,,20111008091728,20111008160628,
913,Swale,,,,EXISTING,EARTH,Permanent,OVERLAND RELEASE,,San Jose,144C,,,,,,0,3-14778,DD-3260,20060501000000,,20140210113030,20140210110025,
914,Swale,,,,EXISTING,EARTH,Permanent,OVERLAND RELEASE,,Private,114B,36,,,150.6,Trapezoidal,-1,3-18192,,20110611000000,,,20140213103510,feature listed as bio-swale
915,Swale,,,,EXISTING,EARTH,Permanent,OVERLAND RELEASE,,Private,114B,36,,,151.6,Trapezoidal,-1,3-18192,,20110611000000,,20140213104325,20140213103852,feature listed as bio-swale
179,Swale,,,,EXISTING,EARTH,Permanent,STREET DRAIN,RIGHT-OF-WAY,San Jose,157A,,,,,V Channel,0,MGE,,,,20111008103802,20140129075537,
916,Swale,,,,EXISTING,EARTH,Permanent,OVERLAND RELEASE,,Private,114B,36,,,151.55,Trapezoidal,-1,3-18192,,20110611000000,,,20140213104300,
578,Swale,,,,EXISTING,Concrete,Interim,OVERLAND RELEASE,RIGHT-OF-WAY,San Jose,99D,,464,,,,-1,3-10720G,,20040506000000,,20110916122547,20110930221342,
579,Valley Gutter,,,,EXISTING,Concrete,Interim,OVERLAND RELEASE,RIGHT-OF-WAY,San Jose,99D,,166,,,,-1,3-10720G,,20040506000000,,20110916122547,20110930221342,
580,Swale,,,,EXISTING,Concrete,Interim,OVERLAND RELEASE,RIGHT-OF-WAY,San Jose,99D,,445,,,,-1,3-10720G,,20040506000000,,20110916122547,20110930221342,
581,Swale,,,,EXISTING,Concrete,Interim,OVERLAND RELEASE,RIGHT-OF-WAY,San Jose,99D,,250,,,,-1,3-10720G,,20040506000000,,20110916122547,20110930221343,
582,Valley Gutter,,,,EXISTING,Concrete,Interim,OVERLAND RELEASE,RIGHT-OF-WAY,San Jose,100C,,397,,,,-1,3-10720G,,20040506000000,,20110916122547,20110930221343,
473,Swale,,,,EXISTING,EARTH,Interim,,PARK,San Jose,51B,,90,,,,-1,1-16_FLCKNGER_PK_FLCK0584,,19850831000000,,20110916122547,20110930221344,
474,Swale,,,,EXISTING,EARTH,Interim,,PARK,San Jose,51B,,159,,,,-1,1-16_FLCKNGER_PK_FLCK0584,,19850831000000,,20110916122547,20110930221345,
475,Swale,,,,EXISTING,EARTH,Interim,,PARK,San Jose,51B,,50,,,,-1,1-16_FLCKNGER_PK_FLCK0584,,19850831000000,,20110916122547,20110930221346,
476,Swale,,,,EXISTING,EARTH,Interim,,PARK,San Jose,51B,,53,,,,-1,1-16_FLCKNGER_PK_FLCK0584,,19850831000000,,20110916122547,20110930221346,
480,Swale,,,,EXISTING,EARTH,Interim,,PARK,San Jose,51B,,60,,,,-1,1-16_FLCKNGER_PK_FLCK0584,,19850831000000,,20110916122547,20110930221347,
481,Swale,,,,EXISTING,EARTH,Interim,,PARK,San Jose,51B,,99,,,,-1,1-16_FLCKNGER_PK_FLCK0584,,19850831000000,,20110916122547,20110930221347,
482,Swale,,,,EXISTING,EARTH,Interim,,PARK,San Jose,51B,,148,,,,-1,1-16_FLCKNGER_PK_FLCK0584,,19850831000000,,20110916122547,20110930221348,
483,Swale,,,,EXISTING,EARTH,Interim,,PARK,San Jose,51B,,256,,,,-1,1-16_FLCKNGER_PK_FLCK0584,,19850831000000,,20110916122547,20110930221348,
421,French Drain,,,,EXISTING,DRN RCK PRF PIP,Permanent,OVERLAND RELEASE,PARK,San Jose,83A,6,23,,,Rectangular,-1,1-16_ARENA_GREEN_GDRV1694,,19940621000000,,20110916122547,20110930221349,
422,French Drain,,,,EXISTING,DRN RCK PRF PIP,Permanent,OVERLAND RELEASE,PARK,San Jose,83A,6,23,,,Rectangular,-1,1-16_ARENA_GREEN_GDRV1694,,19940621000000,,20110916122547,20110930221349,
423,French Drain,,,,EXISTING,DRN RCK PRF PIP,Permanent,OVERLAND RELEASE,PARK,San Jose,83A,6,22,,,Rectangular,-1,1-16_ARENA_GREEN_GDRV1694,,19940621000000,,20110916122547,20110930221350,
424,French Drain,,,,EXISTING,DRN RCK PRF PIP,Permanent,OVERLAND RELEASE,PARK,San Jose,83A,6,23,,,Rectangular,-1,1-16_ARENA_GREEN_GDRV1694,,19940621000000,,20110916122547,20110930221351,
541,Swale,,,,EXISTING,EARTH,Permanent,STREET DRAIN,EASEMENT,San Jose,96B,,,,,,-1,3-12797,,20081018000000,,20110916122547,20110930221352,
542,Trench Drain,,,,EXISTING,Drain Rock,Interim,STREET DRAIN,EASEMENT,Private,127B,,,,261.83,,-1,1-9835,,20071220000000,,20110916122547,20110930221352,
1,Swale,,,,EXISTING,EARTH,Interim,OVERLAND RELEASE,EASEMENT,San Jose,112B,10,180,,,,0,MGE,,,,20110916122547,20110930221353,
2,Swale,,,,EXISTING,EARTH,Permanent,STREET DRAIN,RIGHT-OF-WAY,San Jose,98A,,,,,V Channel,0,MGE,,,,20110916122547,20110930221353,MRF:Waterflow can not confirm
252,Swale,,,,EXISTING,EARTH,Permanent,STREET DRAIN,EASEMENT,San Jose,37D,2,549,,,V Channel,0,MGE,,,,20110916122547,20110930221226,MRF:Waterflow can not confirm
253,Swale,,,,EXISTING,EARTH,Permanent,STREET DRAIN,EASEMENT,San Jose,37D,2,25,,,V Channel,0,MGE,,,,20110916122547,20110930221227,MRF:Waterflow can not confirm
254,Swale,,,,EXISTING,EARTH,Permanent,STREET DRAIN,EASEMENT,San Jose,37D,2,505,,,V Channel,0,MGE,,,,20110916122547,20110930221227,
255,Swale,,,,EXISTING,EARTH,Permanent,STREET DRAIN,EASEMENT,San Jose,37D,2,220,,,V Channel,0,MGE,,,,20110916122547,20110930221227,MRF:Waterflow can not confirm
258,Swale,,,,EXISTING,EARTH,Permanent,STREET DRAIN,EASEMENT,San Jose,37D,2,656,,,V Channel,0,MGE,,,,20110916122547,20110930221228,MRF:Waterflow can not confirm
259,Swale,,,,EXISTING,EARTH,Permanent,STREET DRAIN,EASEMENT,San Jose,37D,4,33,,,V Channel,0,MGE,,,,20110916122547,20110930221228,MRF:Waterflow can not confirm
109,Swale,,,,EXISTING,EARTH,Permanent,OVERLAND RELEASE,RIGHT-OF-WAY,Private,116C,20,72,,,Half Round,0,MGE,,,,20110930231101,20111008160627,
262,Swale,,,,EXISTING,EARTH,Permanent,STREET DRAIN,EASEMENT,San Jose,37D,3,50,,,V Channel,0,MGE,,,,20110916122547,20110930221229,MRF:Waterflow can not confirm
263,Swale,,,,EXISTING,EARTH,Permanent,STREET DRAIN,RIGHT-OF-WAY,San Jose,37D,2,,,,V Channel,0,MGE,,,,20110916122547,20110930221229,
264,Swale,,,,EXISTING,EARTH,Permanent,STREET DRAIN,EASEMENT,San Jose,37D,4,21,,,V Channel,0,MGE,,,,20110916122547,20110930221229,MRF:Waterflow can not confirm
265,Swale,,,,EXISTING,EARTH,Permanent,OVERLAND RELEASE,EASEMENT,San Jose,52B,6,510,,,V Channel,0,MGE,,,,20110916122547,20110930221230,
266,Swale,,,,EXISTING,EARTH,Permanent,OVERLAND RELEASE,EASEMENT,San Jose,37D,4,550,,,V Channel,0,MGE,,,,20110916122547,20110930221230,
267,Swale,,,,EXISTING,EARTH,Permanent,OVERLAND RELEASE,EASEMENT,San Jose,37D,4,726,,,V Channel,0,MGE,,,,20110916122547,20110930221230,MRF:Waterflow can not confirm
268,Swale,,,,EXISTING,EARTH,Permanent,OVERLAND RELEASE,EASEMENT,San Jose,52B,4,1093,,,V Channel,0,MGE,,,,20110916122547,20110930221230,
269,Swale,,,,EXISTING,EARTH,Permanent,OVERLAND RELEASE,EASEMENT,San Jose,52B,3,500,,,V Channel,0,MGE,,,,20110916122547,20110930221231,MRF:Waterflow can not confirm
270,Swale,,,,EXISTING,EARTH,Permanent,OVERLAND RELEASE,EASEMENT,Private,69A,3,,,,V Channel,0,MGE,,,,20110916122547,20110930221231,MRF:Waterflow can not confirm
345,Valley Gutter,,,,EXISTING,Concrete,Interim,OVERLAND RELEASE,EASEMENT,San Jose,51C,,,,,,0,DD-2363,,20080412000000,,20110916122547,20110930221231,
346,Valley Gutter,,,,EXISTING,Concrete,Permanent,OVERLAND RELEASE,EASEMENT,San Jose,50D,,,,,,0,CAL101,DD-2371,20080416000000,,20110916122547,20110930221231,
350,Valley Gutter,,,,EXISTING,Concrete,Interim,OVERLAND RELEASE,RIGHT-OF-WAY,San Jose,82D,,,,,,0,DD-2604,,20080614000000,,20110916122547,20110930221232,
358,Swale,,,,EXISTING,Concrete,Permanent,OVERLAND RELEASE,EASEMENT,San Jose,66B,,,,,,0,DD-2807,,20100421000000,,20110916122547,20110930221232,
359,Valley Gutter,,,,EXISTING,Concrete,Interim,OVERLAND RELEASE,RIGHT-OF-WAY,San Jose,19D,,,,,,0,DD-2766,,20100422000000,,20110916122547,20110930221232,
360,Valley Gutter,,,,EXISTING,Concrete,Interim,OVERLAND RELEASE,EASEMENT,San Jose,19D,,,,,,0,DD-2766,,20100422000000,,20110916122547,20110930221233,
361,Swale,,,,EXISTING,Concrete,Interim,OVERLAND RELEASE,RIGHT-OF-WAY,San Jose,50D,,,,,,0,DD-2819,,20100428000000,,20110916122547,20110930221233,
89,Swale,,,,EXISTING,EARTH,Permanent,OVERLAND RELEASE,RIGHT-OF-WAY,San Jose,115B,,,,,,0,MGE,,,,20110930231149,20111008160627,
225,Swale,,,,EXISTING,Concrete,Permanent,,EASEMENT,Private,67B,,,,,,0,MGE,,,,20110916122547,20110930221233,
226,Swale,,,,EXISTING,Concrete,Permanent,,EASEMENT,Private,67B,,,,,,0,MGE,,,,20110916122547,20110930221234,
227,Swale,,,,EXISTING,Concrete,Permanent,,EASEMENT,Private,67B,,,,,,0,MGE,,,,20110916122547,20110930221234,
228,Swale,,,,EXISTING,Concrete,Permanent,,EASEMENT,Private,67B,,,,,,0,MGE,,,,20110916122547,20110930221234,
229,Swale,,,,EXISTING,Concrete,Permanent,,EASEMENT,Private,67B,,,,,,0,MGE,,,,20110916122547,20110930221235,
247,Valley Gutter,,,,EXISTING,Concrete,Permanent,OVERLAND RELEASE,EASEMENT,San Jose,51D,24,,,,,0,MGE,,,,20110916122547,20110930221235,
277,Valley Gutter,,,,EXISTING,Concrete,Permanent,OVERLAND RELEASE,EASEMENT,San Jose,66D,,369,,,,0,MGE,,,,20110916122547,20110930221235,
278,Valley Gutter,,,,EXISTING,Concrete,Permanent,OVERLAND RELEASE,EASEMENT,San Jose,66D,,275,,,,0,MGE,,,,20110916122547,20110930221236,
279,Valley Gutter,,,,EXISTING,Concrete,Permanent,OVERLAND RELEASE,EASEMENT,San Jose,66D,,327,,,,0,MGE,,,,20110916122547,20110930221236,
280,Valley Gutter,,,,EXISTING,Concrete,Permanent,OVERLAND RELEASE,EASEMENT,San Jose,66D,,164,,,,0,MGE,,,,20110916122547,20110930221237,
282,Valley Gutter,,,,EXISTING,Concrete,Permanent,OVERLAND RELEASE,EASEMENT,San Jose,50D,4,250,,,,0,MGE,,,,20110916122547,20110930221237,
283,Valley Gutter,,,,EXISTING,Concrete,Permanent,OVERLAND RELEASE,EASEMENT,San Jose,50D,4,200,,,,0,MGE,,,,20110916122547,20110930221237,
284,Valley Gutter,,,,EXISTING,Concrete,Permanent,OVERLAND RELEASE,EASEMENT,San Jose,50D,4,200,,,,0,MGE,,,,20110916122547,20110930221238,
285,Valley Gutter,,,,EXISTING,Concrete,Permanent,OVERLAND RELEASE,EASEMENT,San Jose,50D,4,250,,,,0,MGE,,,,20110916122547,20110930221238,
528,Trench Drain,,,,EXISTING,DRN RCK PRF PIP,Interim,OVERLAND RELEASE,PARK,San Jose,85A,,110,,119.31,,-1,1-16_LK_CUNNG_PK_LAKE0304,,20040614000000,,20110916122547,20110930221239,
529,Trench Drain,,,,EXISTING,DRN RCK PRF PIP,Interim,OVERLAND RELEASE,PARK,San Jose,85A,,198,,119.97,,-1,1-16_LK_CUNNG_PK_LAKE0304,,20040614000000,,20110916122547,20110930221239,
530,Trench Drain,,,,EXISTING,DRN RCK PRF PIP,Interim,OVERLAND RELEASE,PARK,San Jose,85A,,187,,119.05,,-1,1-16_LK_CUNNG_PK_LAKE0304,,20040614000000,,20110916122547,20110930221239,
718,Swale,,,,EXISTING,EARTH,Interim,STREET DRAIN,EASEMENT,San Jose,37D,,,,,,0,MGE,,,,20110916122547,20110930221547,MRF:Waterflow can not confirm
719,Swale,,,,EXISTING,EARTH,Interim,OVERLAND RELEASE,EASEMENT,San Jose,52B,,,,,,0,MGE,,,,20110916122547,20110930221548,MRF:Waterflow can not confirm
146,Swale,,,,EXISTING,EARTH,Permanent,OVERLAND RELEASE,EASEMENT,San Jose,143A,3,,,,Rectangular,0,MGE,,,,20110916122547,20110930221549,
147,Swale,,,,EXISTING,EARTH,Permanent,OVERLAND RELEASE,EASEMENT,San Jose,143A,3,,,,Rectangular,0,MGE,,,,20110916122547,20110930221550,
148,Swale,,,,EXISTING,EARTH,Permanent,OVERLAND RELEASE,EASEMENT,San Jose,143A,3,,,,Rectangular,0,MGE,,,,20110916122547,20110930221551,
149,Swale,,,,EXISTING,EARTH,Permanent,OVERLAND RELEASE,EASEMENT,San Jose,130C,,,,,,0,MGE,,,,20110916122547,20110930221551,
152,Swale,,,,EXISTING,EARTH,Interim,STREET DRAIN,RIGHT-OF-WAY,San Jose,143B,,,,,V Channel,0,MGE,,,,20110916122547,20110930221552,
169,Swale,,,,EXISTING,EARTH,Permanent,OVERLAND RELEASE,EASEMENT,San Jose,155A,20,,,,Trapezoidal,0,MGE,,,,20110916122547,20110930221553,
170,Swale,,,,EXISTING,EARTH,Permanent,OVERLAND RELEASE,EASEMENT,San Jose,155A,20,,,,Trapezoidal,0,MGE,,,,20110916122547,20110930221554,
171,Swale,,,,EXISTING,EARTH,Permanent,STREET DRAIN,EASEMENT,San Jose,155A,2,,,,V Channel,0,MGE,,,,20110916122547,20110930221555,
174,Swale,,,,EXISTING,EARTH,Permanent,STREET DRAIN,RIGHT-OF-WAY,San Jose,157A,,,,,V Channel,0,MGE,,,,20140129084758,20140129084809,
180,Swale,,,,EXISTING,EARTH,Permanent,STREET DRAIN,RIGHT-OF-WAY,San Jose,157A,,,,,V Channel,0,MGE,,,,20110916122547,20140129075601,
183,Swale,,,,EXISTING,EARTH,Permanent,STREET DRAIN,RIGHT-OF-WAY,San Jose,157A,,,,,V Channel,0,MGE,,,,20110916122547,20110930221603,
186,Swale,,,,EXISTING,EARTH,Permanent,OVERLAND RELEASE,EASEMENT,San Jose,144C,,,,,Rectangular,0,MGE,,,,20110916122547,20110930221605,
563,Swale,,,,EXISTING,DRN RCK PRF PIP,Interim,OVERLAND RELEASE,RIGHT-OF-WAY,Private,157A,,100,,96.22,,-1,3-02163,,20080816000000,,20110916122547,20110930221606,
564,Swale,,,,EXISTING,DRN RCK PRF PIP,Interim,OVERLAND RELEASE,RIGHT-OF-WAY,Private,157A,,100,,96.22,,-1,3-02163,,20080816000000,,20110916122547,20110930221607,
565,Swale,,,,EXISTING,DRN RCK PRF PIP,Interim,OVERLAND RELEASE,RIGHT-OF-WAY,Private,157A,,33,,96.05,,-1,3-02163,,20080816000000,,20110916122547,20110930221609,
566,Swale,,,,EXISTING,DRN RCK PRF PIP,Interim,OVERLAND RELEASE,RIGHT-OF-WAY,Private,157A,,33,,96.05,,-1,3-02163,,20080816000000,,20110916122547,20110930221610,
586,Swale,,,,EXISTING,Drain Rock,Interim,OVERLAND RELEASE,RIGHT-OF-WAY,Private,114B,,16,,,,-1,3-13486,,20080530000000,,20110918155705,20110930221611,
587,Swale,,,,EXISTING,Drain Rock,Interim,OVERLAND RELEASE,RIGHT-OF-WAY,Private,114B,,16,,,,-1,3-13486,,20080530000000,,20110918155708,20110930221611,
187,Swale,,,,EXISTING,EARTH,Permanent,OVERLAND RELEASE,EASEMENT,San Jose,144C,,,,,Rectangular,0,MGE,,,,20110916122547,20110930221612,
223,Swale,,,,EXISTING,EARTH,Permanent,OVERLAND RELEASE,RIGHT-OF-WAY,San Jose,115B,,,,,,0,MGE,,,,20110916122547,20110930221613,
273,Swale,,,,EXISTING,EARTH,Permanent,OVERLAND RELEASE,EASEMENT,San Jose,129B,2,,,,V Channel,0,MGE,,,,20110916122547,20110930221614,
310,Swale,,,,EXISTING,EARTH,Interim,OVERLAND RELEASE,RIGHT-OF-WAY,San Jose,129A,,,,,,0,DD-0062,,20010618000000,,20110916122547,20110930221615,
313,Swale,,,,EXISTING,EARTH,Interim,OVERLAND RELEASE,EASEMENT,San Jose,129D,,,,,,0,DD-0068,,20010711000000,,20110916122547,20110930221616,
314,Swale,,,,EXISTING,EARTH,Interim,OVERLAND RELEASE,EASEMENT,San Jose,129D,,,,,,0,DD-0068,,20010711000000,,20110916122547,20110930221618,
315,Swale,,,,EXISTING,EARTH,Interim,OVERLAND RELEASE,EASEMENT,San Jose,129D,,,,,,0,DD-0068,,20010711000000,,20110916122547,20110930221619,
316,Swale,,,,EXISTING,EARTH,Interim,OVERLAND RELEASE,EASEMENT,San Jose,129D,,,,,,0,DD-0068,,20010711000000,,20110916122547,20110930221619,
317,Swale,,,,EXISTING,EARTH,Interim,OVERLAND RELEASE,EASEMENT,San Jose,101C,4,105,,,,-1,1-8925,,20010502000000,,20110916122547,20110930221620,
318,Swale,,,,EXISTING,EARTH,Interim,OVERLAND RELEASE,EASEMENT,San Jose,101C,8,65,,,,-1,1-8925,,20010502000000,,20110916122547,20110930221622,
323,Swale,,,,EXISTING,EARTH,Permanent,OVERLAND RELEASE,EASEMENT,San Jose,101D,5,35,,,Half Round,-1,1-9357,,20021009000000,,20110916122547,20110930221623,
597,Trench Drain,,,,EXISTING,Drain Rock,Interim,OVERLAND RELEASE,EASEMENT,Private,129C,,,,,,0,CIP1982,,,,,20111031080109,
527,Trench Drain,,,,EXISTING,DRN RCK PRF PIP,Interim,OVERLAND RELEASE,PARK,San Jose,85A,,172,,119.04,,-1,1-16_LK_CUNNG_PK_LAKE0304,,20040614000000,,20111008093146,20111008160645,
339,Swale,,,,EXISTING,EARTH,Permanent,STREET DRAIN,RIGHT-OF-WAY,San Jose,143D,,400,,,V Channel,0,3-14777,,20060515000000,,20111008100518,20111008160642,
724,Swale,,,,EXISTING,EARTH,Interim,STREET DRAIN,RIGHT-OF-WAY,San Jose,117A,,,,,,0,MGE,,,,20111008092016,20111008160646,
443,Trench Drain,,,,EXISTING,Drain Rock,Permanent,OVERLAND RELEASE,SCHOOL,Private,99C,8,97,,,,-1,3-07253M,,20050605000000,,20111008093751,20111008160644,MRF:Shape not sure
444,Trench Drain,,,,EXISTING,Drain Rock,Permanent,OVERLAND RELEASE,SCHOOL,Private,99C,8,98,,,,-1,3-07253M,,20050605000000,,20111008093633,20111008160645,MRF:Shape not sure
447,Trench Drain,,,,EXISTING,DRN RCK PRF PIP,Permanent,OVERLAND RELEASE,SCHOOL,Private,99C,8,98,,,,-1,3-07253M,,20050605000000,,20111008093453,20111008160645,MRF:Shape not sure
91,Swale,,,,EXISTING,EARTH,Permanent,STREET DRAIN,EASEMENT,San Jose,115C,3,,,,V Channel,0,MGE,,,,20110916122547,20110930221322,
92,Swale,,,,EXISTING,EARTH,Permanent,OVERLAND RELEASE,EASEMENT,San Jose,100D,10,110,,,V Channel,0,MGE,,,,20110916122547,20110930221322,
95,Swale,,,,EXISTING,EARTH,Permanent,OVERLAND RELEASE,EASEMENT,San Jose,115C,,,,,,0,MGE,,,,20110916122547,20110930221322,
96,Swale,,,,EXISTING,EARTH,Permanent,OVERLAND RELEASE,EASEMENT,San Jose,115D,,,,,,0,MGE,,,,20110916122547,20110930221323,
97,Swale,,,,EXISTING,EARTH,Permanent,STREET DRAIN,RIGHT-OF-WAY,San Jose,115D,2,,,,V Channel,0,MGE,,,,20110916122547,20110930221323,
98,Swale,,,,EXISTING,EARTH,Permanent,STREET DRAIN,RIGHT-OF-WAY,San Jose,115D,2,,,,V Channel,0,MGE,,,,20110916122547,20110930221324,
99,Swale,,,,EXISTING,EARTH,Permanent,STREET DRAIN,RIGHT-OF-WAY,San Jose,115D,2,,,,V Channel,0,MGE,,,,20110916122547,20110930221324,
100,Swale,,,,EXISTING,EARTH,Permanent,STREET DRAIN,RIGHT-OF-WAY,San Jose,115D,2,,,,V Channel,0,MGE,,,,20110916122547,20110930221324,
101,Swale,,,,EXISTING,EARTH,Permanent,STREET DRAIN,RIGHT-OF-WAY,San Jose,115D,2,,,,V Channel,0,MGE,,,,20110916122547,20110930221325,
102,Swale,,,,EXISTING,EARTH,Permanent,STREET DRAIN,RIGHT-OF-WAY,San Jose,115D,2,,,,V Channel,0,MGE,,,,20110916122547,20110930221325,
946,Swale,Bio-treatment,,,EXISTING,DRN RCK PRF PIP,Permanent,OVERLAND RELEASE,,Private,35A,72,109,30,99.24,Trapezoidal,0,3-11445G,,20100122000000,,,20140616133751,
947,Swale,,,,EXISTING,EARTH,Permanent,OVERLAND RELEASE,,Private,127A,24,100,,,Trapezoidal,-1,3-02093C,,20131018000000,,,20140707124141,
962,Trench Drain,,,,EXISTING,Concrete,Permanent,OVERLAND RELEASE,,Private,51A,,,,52,,-1,3-05560A,,20130103000000,,,20140813091902,
963,Trench Drain,,,,EXISTING,Concrete,Permanent,OVERLAND RELEASE,,Private,51A,,,,52,,-1,3-05560A,,20130103000000,,,20140813091903,
966,Trench Drain,,,,EXISTING,Concrete,Permanent,,,Private,67B,24,67,24,,Half Round,-1,3-01855,,20100128000000,,,20140820080605,ZURN z874-24u HDPE drain system
997,Swale,,,,EXISTING,Concrete,Permanent,STREET DRAIN,RIGHT-OF-WAY,San Jose,117A,,,,,Trapezoidal,0,DD-3179,,,,20141119110439,20141119104053,
998,Swale,,,,EXISTING,Concrete,Permanent,STREET DRAIN,RIGHT-OF-WAY,San Jose,116B,,,,,Trapezoidal,0,DD-3179,,,,20141119110423,20141119104129,
999,Swale,,,,EXISTING,Concrete,Permanent,STREET DRAIN,RIGHT-OF-WAY,San Jose,116B,,,,,Trapezoidal,0,DD-3179,,,,20141119110431,20141119104219,
1002,Trench Drain,,,,EXISTING,Concrete,Permanent,STREET DRAIN,,Private,68C,,,,99.3,Half Round,-1,3-18404C,,20110902000000,,20150108120739,20150108115621,upstream inv 100
1004,Trench Drain,,,,EXISTING,Concrete,Permanent,STREET DRAIN,,Private,68C,,60,,,Half Round,-1,3-18404C,,20110902000000,,20150108120714,20150108120630,upstream inv 99.73
1005,Trench Drain,,,,EXISTING,Concrete,Permanent,STREET DRAIN,,Private,68C,,52,,,Half Round,-1,3-18404C,,20110902000000,,,20150108120701,upstream inv 99.97
1006,Trench Drain,,,,EXISTING,Concrete,Permanent,STREET DRAIN,,Private,68C,,,,98.45,Half Round,-1,3-18404C,,20110902000000,,,20150108121855,upstream inv 101.14
948,Trench Drain,,,,EXISTING,Concrete,Permanent,OVERLAND RELEASE,,Private,51A,,,,37.5,,-1,3-08224,,20120615000000,,20140709122039,20140708153933,TG 41.60
949,Trench Drain,,,,EXISTING,Concrete,Permanent,OVERLAND RELEASE,,Private,51A,,,,37.5,,-1,3-08224,,20120615000000,,20140709122033,20140708154019,TG 41.60
953,Swale,,,,EXISTING,Concrete,Permanent,OVERLAND RELEASE,,San Jose,69A,2,,1,,V Channel,0,TR5852,,19770727000000,,,20140806080205,
954,Swale,,,,EXISTING,Concrete,Permanent,OVERLAND RELEASE,,San Jose,69A,2,,1,,V Channel,0,TR5852,,19770727000000,,,20140806081356,
955,Swale,,,,EXISTING,Drain Rock,Permanent,OVERLAND RELEASE,,San Jose,68C,,,,,Half Round,-1,MGE,THUN-98,,,20140806144733,20140806094636,DD-3279
958,Swale,,,,EXISTING,Concrete,Permanent,OVERLAND RELEASE,,San Jose,115B,,,,,Half Round,0,MGE,DD-3283,,,,20140807093008,
959,Swale,,,,EXISTING,Concrete,Permanent,OVERLAND RELEASE,,San Jose,115B,,,,,Half Round,0,MGE,DD-3283,,,,20140807093158,
960,Swale,,,,EXISTING,Concrete,Permanent,OVERLAND RELEASE,,San Jose,116A,,,,,Half Round,0,MGE,DD-3283,,,,20140807093353,
1001,Swale,,,,EXISTING,Concrete,Permanent,STREET DRAIN,,San Jose,67C,,233,,,V Channel,0,MGE,DD-3182,,,,20141222123835,
173,Swale,,,,EXISTING,EARTH,Permanent,STREET DRAIN,RIGHT-OF-WAY,San Jose,157A,,,,,V Channel,0,MGE,,,,20140129084902,20140129084911,
918,Swale,,,,EXISTING,EARTH,Permanent,OVERLAND RELEASE,,Private,115B,24,,,167.22,Trapezoidal,0,3-06528,,20110624000000,,,20140219123610,
919,Swale,,,,EXISTING,EARTH,Permanent,OVERLAND RELEASE,,Private,115B,24,,,167,Trapezoidal,0,3-06528,,20110624000000,,,20140219123803,
922,Swale,,,,EXISTING,EARTH,Permanent,OVERLAND RELEASE,,San Jose,69C,,,,,,0,MGE,DD-3269,,,,20140307154830,
923,Swale,,,,EXISTING,Concrete,Permanent,OVERLAND RELEASE,,San Jose,99D,,,,127,V Channel,-1,3-10720/D,DD-3265,20040803000000,,20140312143113,20140312123035,
924,Trench Drain,,,,EXISTING,Concrete,Permanent,OVERLAND RELEASE,,Private,84B,,,,126.36,,-1,3-06839,,20081022000000,,20140318143200,20140318142818,TG is from 134.6 to 134.4
925,Trench Drain,,,,EXISTING,Concrete,Permanent,OVERLAND RELEASE,,Private,84B,,,,129.77,,-1,3-06839,,20081022000000,,20140318143228,20140318143041,TG is from 134.82 to 134.82
460,Swale,,,,EXISTING,EARTH,Interim,,PARK,San Jose,67B,,,,,,0,1-16_WATSON_PARK_C-DR-1,,20090128000000,,20110916122547,20110930221409,
461,Swale,,,,EXISTING,EARTH,Interim,,PARK,San Jose,67B,,,,,,0,1-16_WATSON_PARK_C-DR-1,,20090128000000,,20110916122547,20110930221410,
462,Swale,,,,EXISTING,EARTH,Interim,,PARK,San Jose,67B,,,,,,0,1-16_WATSON_PARK_C-DR-1,,20090128000000,,20110916122547,20110930221411,
463,Swale,,,,EXISTING,EARTH,Interim,,PARK,San Jose,67B,,,,,,0,1-16_WATSON_PARK_C-DR-1,,20090128000000,,20110916122547,20110930221412,
464,Swale,,,,EXISTING,EARTH,Interim,,PARK,San Jose,67B,,,,,,0,1-16_WATSON_PARK_C-DR-2,,20090128000000,,20110916122547,20110930221413,
465,Swale,,,,EXISTING,EARTH,Interim,,PARK,San Jose,67B,,,,,,0,1-16_WATSON_PARK_C-DR-1,,20090128000000,,20110916122547,20110930221414,
466,Swale,,,,EXISTING,EARTH,Interim,,PARK,San Jose,67B,,,,,,0,1-16_WATSON_PARK_C-DR-1,,20090128000000,,20110916122547,20110930221414,
467,Swale,,,,EXISTING,EARTH,Interim,,PARK,San Jose,67B,,,,,,0,1-16_WATSON_PARK_C-DR-1,,20090128000000,,20110916122547,20110930221415,
468,Swale,,,,EXISTING,EARTH,Interim,,PARK,San Jose,67B,,,,,,0,1-16_WATSON_PARK_C-DR-2,,20090128000000,,20110916122547,20110930221416,
469,Swale,,,,EXISTING,EARTH,Interim,,PARK,San Jose,67B,,,,,,0,1-16_WATSON_PARK_C-DR-2,,20090128000000,,20110916122547,20110930221417,
470,Swale,,,,EXISTING,EARTH,Interim,,PARK,San Jose,67B,,,,,,0,1-16_WATSON_PARK_C-DR-2,,20090128000000,,20110916122547,20110930221418,
128,Swale,,,,EXISTING,EARTH,Permanent,STREET DRAIN,RIGHT-OF-WAY,San Jose,128D,,,,,,0,MGE,,,,20111008142404,20111008160631,MRF:Waterflow can not confirm
9,Swale,,,,EXISTING,EARTH,Permanent,OVERLAND RELEASE,EASEMENT,San Jose,98B,4,18,,,,0,MGE,,,,20110916122547,20110930221216,MRF:Waterflow can not confirm
10,Swale,,,,EXISTING,EARTH,Permanent,OVERLAND RELEASE,EASEMENT,San Jose,98B,4,,,,,0,MGE,,,,20110916122547,20110930221216,MRF:Waterflow can not confirm
18,Swale,,,,EXISTING,EARTH,Permanent,OVERLAND RELEASE,EASEMENT,San Jose,97C,3,,,,V Channel,0,MGE,,,,20110916122547,20110930221217,MRF:Waterflow can not confirm
121,Swale,,,,EXISTING,EARTH,Permanent,OVERLAND RELEASE,EASEMENT,San Jose,128B,3,,,,V Channel,0,MGE,,,,20110916122547,20110930221217,MRF:Waterflow can not confirm
124,Swale,,,,EXISTING,EARTH,Permanent,OVERLAND RELEASE,EASEMENT,San Jose,141A,3,,,,,0,MGE,,,,20110916122547,20110930221217,
151,Swale,,,,EXISTING,Concrete,Permanent,OVERLAND RELEASE,EASEMENT,San Jose,19D,15,,,,,0,MGE,,,,20111008095646,20111008160632,
65,Swale,,,,EXISTING,EARTH,Permanent,STREET DRAIN,EASEMENT,San Jose,100B,5,,,,,0,MGE,,,,20111008143954,20111008160629,
132,Swale,,,,EXISTING,EARTH,Permanent,OVERLAND RELEASE,EASEMENT,San Jose,141B,2,,,,V Channel,0,MGE,,,,20110916122547,20110930221218,
974,Swale,,,,EXISTING,Drain Rock,Permanent,OVERLAND RELEASE,,Private,100C,,,2,139.5,Trapezoidal,-1,3-13012(A),,20090614000000,,,20140905162210,
976,Swale,,,,EXISTING,Drain Rock,Permanent,OVERLAND RELEASE,,Private,100C,,,2,139.5,Trapezoidal,-1,3-13012(A),,20090614000000,,20140905162419,20140905162315,
995,Valley Gutter,,,,EXISTING,Concrete,Permanent,STREET DRAIN,,Private,68B,48,202,,141.9,V Channel,-1,3-08157,,19900813000000,,,20141006095615,
1007,Swale,,,,EXISTING,Concrete,Permanent,STREET DRAIN,EASEMENT,San Jose,130A,,115,,,Rectangular,-1,TR5843,DD-3047,,,20150115133206,20150115132927,
936,Swale,,,,EXISTING,Drain Rock,Permanent,OVERLAND RELEASE,,Private,101D,9,,,,V Channel,0,1-9039,,19990429000000,,20140422082850,20140422091515,material is cobblestone
928,French Drain,,,,EXISTING,Concrete,Permanent,OVERLAND RELEASE,,Private,83B,,,,,,0,3-07829,,19970122000000,,,20140326112437,"plan states feature is ""Slotted Drain Pipe"""
929,French Drain,,,,EXISTING,Concrete,Permanent,OVERLAND RELEASE,,Private,83B,,,,,,0,3-07829,,19970122000000,,,20140326115823,"plan states feature is ""Slotted Drain Pipe"""
930,French Drain,,,,EXISTING,Concrete,Permanent,OVERLAND RELEASE,,Private,83B,,,,,,0,3-07829,,19970122000000,,,20140326115825,"plan states feature is ""Slotted Drain Pipe"""
931,French Drain,,,,EXISTING,Concrete,Permanent,OVERLAND RELEASE,,Private,83B,,,,,,0,3-07829,,19970122000000,,,20140326122111,"plan states feature is ""Slotted Drain Pipe"""
935,Swale,,,,EXISTING,Drain Rock,Permanent,OVERLAND RELEASE,,Private,101D,9,,,,V Channel,0,1-9039,,19990429000000,,20140422082850,20140422082117,material is cobblestone
938,Swale,,,,EXISTING,Drain Rock,Permanent,OVERLAND RELEASE,,Private,101D,9,,,,V Channel,0,1-9039,,19990429000000,,20140422082850,20140422091609,material is cobblestone
950,Trench Drain,,,,EXISTING,Concrete,Permanent,OVERLAND RELEASE,,San Jose,101B,,,,,,-1,3-16711C,,20140811000000,,,20140722074657,
952,Trench Drain,,,,EXISTING,Concrete,Permanent,OVERLAND RELEASE,,San Jose,101B,,,,,,-1,3-16711C,,20140811000000,,,20140722075025,
968,Swale,,,,EXISTING,EARTH,Interim,,,Private,52C,2,80,,148.3,V Channel,-1,3-16901A,,20080412000000,,20140905081510,20140905082415,
969,Swale,,,,EXISTING,EARTH,Interim,,,Private,52C,2,75,,149.1,V Channel,-1,3-16901A,,20080412000000,,20140905082816,20140905081451,
970,Swale,,,,EXISTING,EARTH,Interim,,,Private,52C,2,65,,148.9,V Channel,-1,3-16901A,,20080412000000,,20140905082827,20140905082350,
971,Swale,,,,EXISTING,EARTH,Interim,,,Private,52C,2,60,,148.3,V Channel,-1,3-16901A,,20080412000000,,,20140905082749,
972,Swale,,,,EXISTING,EARTH,Interim,,,Private,52C,2,120,,145.7,V Channel,-1,3-16901A,,20080412000000,,,20140905084252,
945,Swale,Bio-treatment,,,EXISTING,DRN RCK PRF PIP,Permanent,OVERLAND RELEASE,,Private,35A,72,105,30,97.63,Trapezoidal,-1,MGE,3-11445H,,,20140616105803,20140616104414,
956,Swale,,,,EXISTING,EARTH,Permanent,OVERLAND RELEASE,,San Jose,68C,,,,,Half Round,0,MGE,DD-3279,,,,20140806145935,
957,Swale,,,,EXISTING,EARTH,Permanent,OVERLAND RELEASE,,San Jose,68C,,,,,Half Round,0,MGE,DD-3279,,,,20140806150121,
965,Swale,,,,EXISTING,EARTH,Permanent,OVERLAND RELEASE,,San Jose,141D,,,,,,0,MGE,DD-3288,,,,20140818112548,
932,Swale,,,,EXISTING,Concrete,Permanent,OVERLAND RELEASE,,San Jose,84C,,,,,,0,MGE,DD-3270,,,,20140411152847,
933,Swale,,,,EXISTING,EARTH,Permanent,OVERLAND RELEASE,,San Jose,51C,,,,,,0,MGE,DD-3271,,,,20140411160139,
934,Swale,,,,EXISTING,EARTH,Permanent,OVERLAND RELEASE,,San Jose,51C,,,,,,0,MGE,DD-3271,,,,20140411160158,
977,Swale,,,,EXISTING,Drain Rock,Permanent,OVERLAND RELEASE,,Private,100C,2,,,139,Trapezoidal,-1,3-13012(A),,20090614000000,,,20140908101849,
979,Swale,,,,EXISTING,Drain Rock,Permanent,OVERLAND RELEASE,,Private,100C,2,,,137.7,Trapezoidal,-1,3-13012(A),,20090614000000,,20140908105723,20140908105508,
980,Swale,,,,EXISTING,Drain Rock,Permanent,OVERLAND RELEASE,,Private,100C,2,,,138.6,Trapezoidal,-1,3-13012(A),,20090614000000,,20140908105747,20140908105529,
981,Swale,,,,EXISTING,Drain Rock,Permanent,OVERLAND RELEASE,,Private,100C,2,,,137.3,Trapezoidal,-1,3-13012(A),,20090614000000,,20140908105747,20140908111234,
982,Swale,,,,EXISTING,Drain Rock,Permanent,OVERLAND RELEASE,,Private,100C,2,,,136.8,Trapezoidal,-1,3-13012(A),,20090614000000,,20140908105747,20140908112121,
983,Swale,,,,EXISTING,Drain Rock,Permanent,OVERLAND RELEASE,,Private,100C,2,,,140.8,Trapezoidal,-1,3-13012(A),,20090614000000,,20140908105747,20140908113714,
984,Swale,,,,EXISTING,Drain Rock,Permanent,OVERLAND RELEASE,,Private,100C,2,,,,Trapezoidal,-1,3-13012(A),,20090614000000,,20140908121234,20140908121111,
985,Swale,,,,EXISTING,Drain Rock,Permanent,OVERLAND RELEASE,,Private,100C,2,,,140.8,Trapezoidal,-1,3-13012(A),,20090614000000,,20140908105747,20140908121132,
986,Swale,,,,EXISTING,Drain Rock,Permanent,OVERLAND RELEASE,,Private,100C,2,,,,Trapezoidal,-1,3-13012(A),,20090614000000,,20140908105747,20140908121159,
987,Swale,,,,EXISTING,Drain Rock,Permanent,OVERLAND RELEASE,,Private,100C,2,,,,Trapezoidal,-1,3-13012(A),,20090614000000,,20140908105747,20140908121623,
988,Swale,,,,EXISTING,Drain Rock,Permanent,OVERLAND RELEASE,,Private,100C,2,,,,Trapezoidal,-1,3-13012(A),,20090614000000,,20140908105747,20140908123304,
989,Swale,,,,EXISTING,Drain Rock,Permanent,OVERLAND RELEASE,,Private,100C,2,,,,Trapezoidal,-1,3-13012(A),,20090614000000,,20140908105747,20140908123328,
990,Swale,,,,EXISTING,Drain Rock,Permanent,OVERLAND RELEASE,,Private,100C,2,,,,Trapezoidal,-1,3-13012(A),,20090614000000,,20140908105747,20140908130200,
991,Swale,,,,EXISTING,Drain Rock,Permanent,OVERLAND RELEASE,,Private,100C,2,,,,Trapezoidal,-1,3-13012(A),,20090614000000,,20140908105747,20140908130726,
992,Swale,,,,EXISTING,Drain Rock,Permanent,OVERLAND RELEASE,,Private,100C,2,,,,Trapezoidal,-1,3-13012(A),,20090614000000,,20140908105747,20140908134656,
993,Trench Drain,,,,EXISTING,Concrete,Permanent,OVERLAND RELEASE,,Private,141A,,,,,,0,3-18299C,,20140831000000,,,20140926131741,
996,Trench Drain,,,,EXISTING,Concrete,Permanent,STREET DRAIN,,Private,67A,,108,,48.84,,-1,3-05204C,,20140207000000,,20141119152340,20141114101652,
939,Swale,,,,EXISTING,EARTH,Permanent,OVERLAND RELEASE,,Private,82D,24,,6,107.68,Trapezoidal,-1,3-04718,,20100613000000,,,20140611150340,vegetated swale
940,Swale,,,,EXISTING,EARTH,Permanent,OVERLAND RELEASE,,Private,82D,24,,6,106.82,Trapezoidal,-1,3-04718,,20100613000000,,20140611151732,20140611151619,vegetated swale
941,Swale,,,,EXISTING,EARTH,Permanent,OVERLAND RELEASE,,Private,82D,24,,6,107.56,Trapezoidal,-1,3-04718,,20100613000000,,20140611152003,20140611151939,vegetated swale
942,Swale,,,,EXISTING,EARTH,Permanent,OVERLAND RELEASE,,Private,82D,24,,6,106.28,Trapezoidal,-1,3-04718,,20100613000000,,20140611152003,20140611153203,vegetated swale
943,Swale,,,,EXISTING,EARTH,Permanent,OVERLAND RELEASE,,Private,82D,24,,6,,Trapezoidal,-1,3-04718,,20100613000000,,20140611152003,20140611153242,vegetated swale
